ticker,file,reported_count,actual_count,valid_count,invalid_count,count_mismatch,load_error,start_date,end_date,first_open,last_close,total_return_pct,min_low,max_high,avg_volume,avg_dollar_volume,avg_transactions,daily_return_vol_pct
A,A.json,501,501,501,0,False,,2024-08-14,2026-08-13,137.93,149.29,8.236061770463277,96.43,160.27,1959480.4267447067,251722324.21207535,31546.19760479042,1.9873945104207453
AA,AA.json,501,501,501,0,False,,2024-08-14,2026-08-13,31.81,49.59,55.89437283872998,21.53,84.38,5946343.419830523,255453286.31768578,62853.58483033932,3.406670500493551
AAL,AAL.json,501,501,501,0,False,,2024-08-14,2026-08-13,9.88,15.06,52.42914979757085,8.5,19.1,60947684.49512887,808314392.501312,119493.79241516966,3.2723297316767646
AAOI,AAOI.json,501,501,501,0,False,,2024-08-14,2026-08-13,8.11,130.08,1503.945745992602,7.72,233.67,6271611.460253316,489166437.4649654,78649.60678642715,8.76446323130273
AAON,AAON.json,501,501,501,0,False,,2024-08-14,2026-08-13,88.11,87.67,-0.4993757802746579,62.0,150.4599,909264.2677558083,87879160.36145431,17636.329341317367,3.7772632811174884
AAP,AAP.json,501,501,501,0,False,,2024-08-14,2026-08-13,60.65,57.36,-5.4245671887881315,28.8901,70.0,2247424.1729382337,107278391.33160314,31439.19760479042,4.305513045456378
AAPL,AAPL.json,501,501,501,0,False,,2024-08-14,2026-08-13,220.57,305.26,38.395974067189556,169.2101,344.5699,51822627.820222214,12737591052.072863,672809.6966067865,1.8098775285176303
ABBV,ABBV.json,501,501,501,0,False,,2024-08-14,2026-08-13,191.0,250.82,31.31937172774868,163.81,267.47,6343331.773714067,1312676741.5008962,83474.32534930139,1.7029351801991035
ABCB,ABCB.json,501,501,501,0,False,,2024-08-14,2026-08-13,56.39,89.39,58.52101436424897,48.27,93.22,449889.85170296807,32510382.888241027,9354.66866267465,1.8086838282223598
ABCL,ABCL.json,501,501,501,0,False,,2024-08-14,2026-08-13,2.72,10.97,303.30882352941177,1.8906,11.065,4805068.738119973,20760414.60057553,19605.918163672653,5.004866713480419
ABG,ABG.json,501,501,501,0,False,,2024-08-14,2026-08-13,228.86,210.58,-7.987415887442106,172.01,312.56,209899.2773508064,48070657.66618843,8107.500998003992,2.2158770324886334
ABM,ABM.json,501,501,501,0,False,,2024-08-14,2026-08-13,53.2,48.12,-9.54887218045114,36.962,59.78,530776.5604931058,24746387.799599737,9905.397205588823,1.8610780944828413
ABNB,ABNB.json,501,501,501,0,False,,2024-08-14,2026-08-13,117.72,185.13,57.26299694189603,99.88,187.12,4699886.497449046,617695188.0748103,72345.42315369261,2.335036092620574
ABR,ABR.json,501,501,501,0,False,,2024-08-14,2026-08-13,13.57,5.26,-61.238025055268984,4.73,15.94,3384127.9281596425,33338615.126458008,20260.978043912175,2.455934655968068
ABT,ABT.json,501,501,501,0,False,,2024-08-14,2026-08-13,108.07,111.27,2.9610437679282064,81.97,141.23,7899060.478796297,900178318.3947443,88105.27145708582,1.528057856002547
ACAD,ACAD.json,501,501,501,0,False,,2024-08-14,2026-08-13,15.74,28.38,80.30495552731894,13.4,29.85,1839520.043310022,38581402.592273295,21070.045908183634,2.7446930751483225
ACGL,ACGL.json,501,501,501,0,False,,2024-08-14,2026-08-13,97.99,98.03,0.04082049188693926,82.445,116.47,1988867.8617132674,188136259.62408727,31198.818363273454,1.5322046331886532
ACHR,ACHR.json,501,501,501,0,False,,2024-08-14,2026-08-13,3.61,6.97,93.07479224376732,2.8206,14.62,36174995.597604394,296734631.97049016,100259.12175648703,5.616164420873747
ACI,ACI.json,501,501,501,0,False,,2024-08-14,2026-08-13,19.8,12.4,-37.37373737373737,10.86,23.2,6545065.13023087,118627282.36258443,38830.54091816367,2.0800420292089163
ACIW,ACIW.json,501,501,501,0,False,,2024-08-14,2026-08-13,47.34,53.66,13.350232361639192,38.0545,61.08,790054.5958251937,38453781.1174601,14165.820359281437,2.209891650593588
ACLS,ACLS.json,501,501,501,0,False,,2024-08-14,2026-08-13,114.0,143.03,25.464912280701757,40.4,193.78,640097.0114942176,57801610.78920366,14837.221556886228,3.756964898730218
ACM,ACM.json,501,501,501,0,False,,2024-08-14,2026-08-13,95.37,63.61,-33.30187690049282,60.3495,135.52,1207954.859297108,116220671.69456336,20009.680638722555,1.9116285687986747
ACMR,ACMR.json,501,501,501,0,False,,2024-08-14,2026-08-13,19.48,81.19,316.7864476386037,13.87,127.19,1447485.7946823693,56620384.24497656,21231.269461077845,5.087885848082092
ACN,ACN.json,501,501,501,0,False,,2024-08-14,2026-08-13,320.0,178.49,-44.221875,118.15,398.35,4597615.669681473,1111168838.8726838,70354.93612774451,2.2985307254964296
ACWI,ACWI.json,501,501,501,0,False,,2024-08-14,2026-08-13,112.52,162.48,44.40099537859936,101.25,162.7975,3389153.1565669184,456549766.2267011,29386.600798403193,0.9943074725383413
ADBE,ADBE.json,501,501,501,0,False,,2024-08-14,2026-08-13,536.62,270.49,-49.59375349409265,190.12,587.75,4428112.332324843,1510238729.2689602,108644.8862275449,2.300356885609487
ADC,ADC.json,501,501,501,0,False,,2024-08-14,2026-08-13,71.97,75.11,4.3629289981936825,67.58,82.08,1126856.3490272553,84035547.42953417,17639.784431137723,1.0806877279945613
ADI,ADI.json,501,501,501,0,False,,2024-08-14,2026-08-13,216.92,381.17,75.71915913700906,158.65,445.91,3765927.6200292516,1031278295.154327,66900.49900199601,2.3849974813993993
ADM,ADM.json,501,501,501,0,False,,2024-08-14,2026-08-13,58.38,80.15,37.290167865707446,40.98,88.46,3613065.15032295,217969917.41761974,44418.35528942116,1.7363970323418643
ADMA,ADMA.json,501,501,501,0,False,,2024-08-14,2026-08-13,17.63,9.41,-46.6250709018718,7.2101,25.67,3825442.7336257906,59308181.85156445,32567.652694610777,3.601845907399262
ADP,ADP.json,501,501,501,0,False,,2024-08-14,2026-08-13,260.91,276.23,5.871756544402285,188.16,329.9295,2191461.7530801157,574233177.3023521,43492.05788423154,1.4652896951616805
ADPT,ADPT.json,501,501,501,0,False,,2024-08-14,2026-08-13,4.61,24.46,430.58568329718,3.981,26.155,1979952.712228952,25882235.020713285,21816.221556886227,4.7792009439280205
ADSK,ADSK.json,501,501,501,0,False,,2024-08-14,2026-08-13,244.61,257.96,5.457667307141967,185.5,329.09,1769827.2625432014,472465071.30303526,40831.33133732535,2.0223389837922006
ADT,ADT.json,501,501,501,0,False,,2024-08-14,2026-08-13,7.19,7.47,3.894297635605004,6.24,8.935,10422965.216554554,81111501.59996143,33291.49101796407,1.913073586781031
ADTN,ADTN.json,501,501,501,0,False,,2024-08-14,2026-08-13,4.86,8.07,66.0493827160494,4.725,19.98,1407335.0833938203,15143228.678070815,13975.868263473054,3.9235663012124555
ADUS,ADUS.json,501,501,501,0,False,,2024-08-14,2026-08-13,129.19,117.59,-8.979023144206199,87.95,136.72,190573.92925636924,20872349.75774099,6104.72255489022,1.87642383912042
AEE,AEE.json,501,501,501,0,False,,2024-08-14,2026-08-13,81.01,109.12,34.69941982471298,80.57,118.32,1647419.59819098,165635846.1666078,25447.425149700597,1.1143402078641433
AEHR,AEHR.json,501,501,501,0,False,,2024-08-14,2026-08-13,13.9,123.3,787.0503597122301,6.27,133.35,1589900.51712495,68952308.5275836,21767.848303393213,7.105217381333537
AEIS,AEIS.json,501,501,501,0,False,,2024-08-14,2026-08-13,103.25,329.54,219.16707021791768,75.01,397.44,482471.9725970459,112223322.74254534,13197.720558882236,3.442985374346266
AEM,AEM.json,501,501,501,0,False,,2024-08-14,2026-08-13,77.17,180.36,133.71776597123235,75.17,255.24,2695982.6793440958,377480055.1448908,41928.19361277445,2.5630509643055523
AENT,AENT.json,501,501,501,0,False,,2024-08-14,2026-08-13,1.82,5.81,219.2307692307692,1.1001,11.5718,66115.70913242515,340290.2980939169,833.2315369261477,6.52210650111764
AEO,AEO.json,501,501,501,0,False,,2024-08-14,2026-08-13,21.52,16.3,-24.256505576208177,9.27,28.46,7068761.772452162,116033586.9283507,51082.159680638724,3.911953673938758
AEP,AEP.json,501,501,501,0,False,,2024-08-14,2026-08-13,97.36,125.38,28.779786359901394,89.91,140.58,3534264.643363252,403788746.04332024,51543.11976047904,1.1970491719276515
AES,AES.json,501,501,501,0,False,,2024-08-14,2026-08-13,16.94,14.73,-13.04604486422669,9.46,20.3,12065235.362414552,161254372.82101265,50612.08582834331,2.679079215067029
AFG,AFG.json,501,501,501,0,False,,2024-08-14,2026-08-13,126.92,145.68,14.780964387015437,114.73,150.19,472212.77960617765,62404017.38154917,11395.073852295409,1.375001922833352
AFL,AFL.json,501,501,501,0,False,,2024-08-14,2026-08-13,102.0,121.1,18.725490196078432,96.95,130.22,2255239.8056948464,247122199.38167202,37898.68463073852,1.2357968990105577
AFRM,AFRM.json,501,501,501,0,False,,2024-08-14,2026-08-13,26.758,78.32,192.69751102474024,25.97,100.0,7061086.536413272,422640319.82393634,79886.85628742515,4.660031189412318
AG,AG.json,501,501,501,0,False,,2024-08-14,2026-08-13,5.32,18.78,253.0075187969925,4.59,32.035,17722548.286384266,221823243.98930147,61269.75249500998,4.37643283208542
AGCO,AGCO.json,501,501,501,0,False,,2024-08-14,2026-08-13,86.47,99.45,15.010986469295705,73.79,143.78,818199.9539969041,85673946.91062558,16294.818363273453,2.3621404708957496
AGG,AGG.json,501,501,501,0,False,,2024-08-14,2026-08-13,100.15,97.69,-2.45631552670994,95.735,102.04,8792568.077752102,870615650.5636731,32548.998003992016,0.2903803347261057
AGIO,AGIO.json,501,501,501,0,False,,2024-08-14,2026-08-13,45.35,33.47,-26.196251378169798,22.24,62.58,910446.4841448164,30669284.007683247,14013.952095808383,4.166554822994715
AGNC,AGNC.json,501,501,501,0,False,,2024-08-14,2026-08-13,10.0,10.96,9.600000000000009,7.85,12.19,20808916.81054619,208045678.8991563,50958.111776447106,1.3289878589224744
AGRO,AGRO.json,501,501,501,0,False,,2024-08-14,2026-08-13,11.57,9.05,-21.78046672428694,6.89,15.89,821270.4775440219,8713247.302755792,7958.48502994012,2.655057536900884
AI,AI.json,501,501,501,0,False,,2024-08-14,2026-08-13,25.33,10.18,-59.81050138176076,7.675,45.08,6316383.051398904,125859536.83886003,57823.69061876248,4.110800913892299
AIG,AIG.json,501,501,501,0,False,,2024-08-14,2026-08-13,71.84,76.03,5.832405345211589,69.24,88.07,4352394.25645167,340223994.12932056,49763.91417165669,1.499919154491981
AIQ,AIQ.json,501,501,501,0,False,,2024-08-14,2026-08-13,34.14,64.62,89.27943760984182,30.6,70.26,1309820.9440475788,66878817.54752924,13361.868263473054,1.7305744160525147
AIR,AIR.json,501,501,501,0,False,,2024-08-14,2026-08-13,61.44,143.39,133.38216145833331,46.51,154.0,375326.5095082056,33397245.915753875,9154.335329341317,2.5845651156227483
AIZ,AIZ.json,501,501,501,0,False,,2024-08-14,2026-08-13,184.38,280.92,52.35925805401889,174.9738,303.94,406404.8048522315,88390290.37719011,12045.155688622754,1.5817241172820018
AJG,AJG.json,501,501,501,0,False,,2024-08-14,2026-08-13,281.92,253.49,-10.084421112372311,190.75,351.225,1654933.2576887824,446384723.7903535,34009.610778443115,1.6893039031236037
AKAM,AKAM.json,501,501,501,0,False,,2024-08-14,2026-08-13,101.31,125.29,23.669923995656905,67.51,165.45,2964562.4082286744,296953902.8766719,41586.92614770459,3.1554203857509853
ALAB,ALAB.json,501,501,501,0,False,,2024-08-14,2026-08-13,40.5,322.78,696.9876543209875,36.85,499.4762,5211379.231956509,822818100.4335092,80984.02794411177,6.085697897963677
ALB,ALB.json,501,501,501,0,False,,2024-08-14,2026-08-13,77.0,130.48,69.45454545454544,49.4303,221.0,3001608.139742068,314069461.9037541,51163.650698602796,3.7590175473255885
ALGM,ALGM.json,501,501,501,0,False,,2024-08-14,2026-08-13,23.55,44.13,87.38853503184714,16.38,71.77,2444003.7706684317,77037573.4722233,31791.782435129742,3.9967027706605327
ALGN,ALGN.json,501,501,501,0,False,,2024-08-14,2026-08-13,221.44,176.2,-20.429913294797696,122.0,262.87,1113283.7148908165,193414817.27385002,24768.562874251496,2.9818639078101574
ALGT,ALGT.json,501,501,501,0,False,,2024-08-14,2026-08-13,37.6,86.45,129.92021276595747,36.31,123.63,449516.792711,33365347.05567903,10947.800399201597,4.0442625724644135
ALHC,ALHC.json,501,501,501,0,False,,2024-08-14,2026-08-13,8.78,13.46,53.30296127562644,8.24,25.12,3235549.310691962,54472947.03366908,29772.421157684632,3.842699619539833
ALIT,ALIT.json,501,501,501,0,False,,2024-08-14,2026-08-13,139.2,14.63,-89.48994252873564,9.576,178.5,672425.9254162076,33299256.096083008,26328.005988023953,4.60033513297059
ALK,ALK.json,501,501,501,0,False,,2024-08-14,2026-08-13,35.63,47.5,33.31462250912152,33.03,78.08,3251019.639860812,161020094.77675998,38695.65269461078,3.2408310626365893
ALKS,ALKS.json,501,501,501,0,False,,2024-08-14,2026-08-13,26.4,49.45,87.31060606060608,25.165,55.67,1957312.2261342856,63845263.46835994,23789.27744510978,2.3851142983704805
ALL,ALL.json,501,501,501,0,False,,2024-08-14,2026-08-13,176.0,260.48,48.00000000000002,175.76,277.22,1619450.714206531,331855283.9827965,30378.82235528942,1.599210737576306
ALLE,ALLE.json,501,501,501,0,False,,2024-08-14,2026-08-13,130.49,166.44,27.550003831711223,116.57,183.11,935281.0188367566,137527458.6284674,19198.473053892216,1.6433011709660237
ALLY,ALLY.json,501,501,501,0,False,,2024-08-14,2026-08-13,41.34,44.6,7.8858248669569475,29.52,47.29,3601051.7504327227,140216534.64015445,38070.81437125748,2.1526238736592354
ALNY,ALNY.json,501,501,501,0,False,,2024-08-14,2026-08-13,267.48,227.12,-15.088978615223569,197.81,495.55,1114841.298312477,361692970.8919766,26533.041916167665,2.846048821080167
ALSN,ALSN.json,501,501,501,0,False,,2024-08-14,2026-08-13,83.96,122.92,46.4030490709862,76.01,137.62,836860.326247036,86334517.51621926,15895.694610778442,1.982298202750141
AMAT,AMAT.json,501,501,501,0,False,,2024-08-14,2026-08-13,202.69,534.54,163.72292663673588,123.7365,739.67,7592147.572490513,2070609059.5245676,124518.50499001997,3.3298661476447577
AMBA,AMBA.json,501,501,501,0,False,,2024-08-14,2026-08-13,46.36,81.96,76.79033649698015,38.8608,96.69,938439.625613994,64487187.677441135,19351.065868263475,4.340654597992721
AMC,AMC.json,501,501,501,0,False,,2024-08-14,2026-08-13,5.14,2.63,-48.83268482490273,0.93,5.56,21162054.482568495,50848819.4920277,80881.44710578842,4.356457454021274
AMCR,AMCR.json,501,501,501,0,False,,2024-08-14,2026-08-13,53.6,46.38,-13.470149253731345,36.25,57.4,4603694.865067155,207478872.94331795,48098.0878243513,1.805518917579253
AMCX,AMCX.json,501,501,501,0,False,,2024-08-14,2026-08-13,10.01,12.02,20.07992007992008,5.405,12.515,632342.6778737565,5204483.049965276,7944.720558882235,3.217529842953873
AMD,AMD.json,501,501,501,0,False,,2024-08-14,2026-08-13,143.0,483.01,237.76923076923077,76.48,584.73,42099856.121482454,8562769438.926884,518500.7025948104,3.9526801421252657
AME,AME.json,501,501,501,0,False,,2024-08-14,2026-08-13,161.16,256.22,58.9848597666915,145.02,261.16,1289377.3023122812,252769099.64184424,24437.646706586827,1.438460099356707
AMG,AMG.json,501,501,501,0,False,,2024-08-14,2026-08-13,168.25,367.1,118.18722139673108,139.22,392.9199,270058.3229962415,67369387.64809497,8654.393213572854,1.97000873536184
AMGN,AMGN.json,501,501,501,0,False,,2024-08-14,2026-08-13,320.43,417.84,30.399775301938003,253.3,421.79,2754612.389857868,866758087.7937822,55382.157684630736,1.7061623860847357
AMH,AMH.json,501,501,501,0,False,,2024-08-14,2026-08-13,38.4,34.25,-10.807291666666663,27.215,41.41,2676390.420615084,90488133.31580581,27084.051896207584,1.3179311876408246
AMKR,AMKR.json,501,501,501,0,False,,2024-08-14,2026-08-13,32.64,57.75,76.93014705882352,14.03,96.68,3042157.717444958,135210394.9970805,40604.566866267465,4.11998204745842
AMP,AMP.json,501,501,501,0,False,,2024-08-14,2026-08-13,410.19,570.68,39.12577098417805,396.14,582.05,556286.7712926867,273875762.3267894,18817.159680638724,1.7314050099240241
AMPH,AMPH.json,501,501,501,0,False,,2024-08-14,2026-08-13,43.36,20.18,-53.459409594095945,16.645,53.955,502870.4218023094,14109789.766592208,9900.261477045908,2.996281480148677
AMPL,AMPL.json,501,501,501,0,False,,2024-08-14,2026-08-13,8.63,13.3,54.1135573580533,5.51,14.88,1417672.717083549,13454391.142129993,15701.399201596807,3.7959314690170927
AMR,AMR.json,501,501,501,0,False,,2024-08-14,2026-08-13,252.495,155.6,-38.37501732707579,97.41,255.0375,283012.86530292814,47407241.52766757,9875.740518962077,3.5037445757545873
AMRN,AMRN.json,501,501,501,0,False,,2024-08-14,2026-08-13,12.512,14.15,13.091432225063947,7.08,20.9,82808.31137231736,1137117.8836885847,1646.0279441117764,3.4357798695132264
AMRX,AMRX.json,501,501,501,0,False,,2024-08-14,2026-08-13,7.93,17.27,117.78058007566203,6.685,19.26,1739286.9771478383,19303028.004124977,15934.976047904192,2.0965863028639937
AMT,AMT.json,501,501,501,0,False,,2024-08-14,2026-08-13,223.22,174.19,-21.964877699130902,160.06,243.56,2813666.7032957785,546175125.684361,44912.85429141716,1.6644343142300642
AMX,AMX.json,501,501,501,0,False,,2024-08-14,2026-08-13,17.0,23.26,36.823529411764724,13.1,28.46,1984453.4186134012,38762766.35865105,14301.267465069861,1.6570302189825545
AMZN,AMZN.json,501,501,501,0,False,,2024-08-14,2026-08-13,172.11,265.13,54.04683051536807,161.38,287.2,44619637.685306095,9830956564.341154,576913.1197604791,2.153063891170176
AN,AN.json,501,501,501,0,False,,2024-08-14,2026-08-13,171.63,208.41,21.42981996154518,148.33,235.81,445835.1329576407,84965413.58302057,12370.572854291417,1.9005196894020193
ANDE,ANDE.json,501,501,501,0,False,,2024-08-14,2026-08-13,48.13,65.14,35.341782671930176,31.03,82.11,316248.3211408024,16177496.740302837,7544.640718562874,2.3887911129713557
ANET,ANET.json,501,501,501,0,False,,2024-08-14,2026-08-13,87.15,203.62,133.64314400458977,59.43,214.89,8791293.417602036,1066332986.8642117,107377.45508982036,3.440973022151809
ANF,ANF.json,501,501,501,0,False,,2024-08-14,2026-08-13,154.41,108.82,-29.525289812835965,65.4,172.9,1926548.5412782636,194939573.2309192,33538.64271457086,3.8958799546163414
ANIP,ANIP.json,501,501,501,0,False,,2024-08-14,2026-08-13,59.23,74.77,26.236704372784068,52.5,99.5,364401.1367243573,27041366.247277115,7604.067864271457,2.27123391417791
AON,AON.json,501,501,501,0,False,,2024-08-14,2026-08-13,327.6,357.08,8.998778998778988,304.59,412.97,1261541.4343173914,443806908.58525103,28106.43113772455,1.4679074762663664
AOS,AOS.json,501,501,501,0,False,,2024-08-14,2026-08-13,79.95,62.5,-21.82614133833646,54.16,92.06,1389514.8496206028,94386727.3347319,23427.550898203594,1.622440302703882
APA,APA.json,501,501,501,0,False,,2024-08-14,2026-08-13,29.15,40.0,37.22126929674101,13.584,45.66,7150143.545417621,182329724.15453127,63301.13972055888,3.134238833945103
APD,APD.json,501,501,501,0,False,,2024-08-14,2026-08-13,276.22,305.52,10.607486785895293,229.11,341.14,1312593.0156445107,375805554.22301674,31291.08982035928,1.6333219680624942
APH,APH.json,501,501,501,0,False,,2024-08-14,2026-08-13,65.0,165.75,154.99999999999997,56.45,178.52,8296943.026665734,912775548.8988719,91680.38123752495,2.526787615528833
APLD,APLD.json,501,501,501,0,False,,2024-08-14,2026-08-13,3.93,30.62,679.1348600508906,3.01,50.725,27745421.40159496,528692349.81371343,142186.37724550898,8.2070045045434
APO,APO.json,501,501,501,0,False,,2024-08-14,2026-08-13,105.03,143.58,36.70379891459583,99.56,189.49,4029337.4209935986,547869973.3885063,53213.73652694611,2.5081641181453733
APP,APP.json,501,501,501,0,False,,2024-08-14,2026-08-13,80.14,312.67,290.1547292238582,80.14,745.61,6141951.47812683,2477421766.156443,124903.07584830339,5.319758566658081
APPF,APPF.json,501,501,501,0,False,,2024-08-14,2026-08-13,218.01,203.97,-6.440071556350624,142.56,326.04,307400.18085019756,65487447.52511992,10897.177644710579,2.7397042618027565
APPN,APPN.json,501,501,501,0,False,,2024-08-14,2026-08-13,30.25,37.01,22.34710743801651,18.63,46.059,745635.4130614691,22107290.207170177,13650.287425149701,3.520361362134911
APTV,APTV.json,501,501,501,0,False,,2024-08-14,2026-08-13,67.93,49.17,-27.616664213160615,46.16,88.93,3005305.242468359,197879449.58607125,37795.5129740519,2.6062817128814855
ARCB,ARCB.json,501,501,501,0,False,,2024-08-14,2026-08-13,106.9,146.74,37.26847521047709,55.19,176.6857,344277.37354367867,32460593.927378546,9126.626746506987,3.2400502666568407
ARDX,ARDX.json,501,501,501,0,False,,2024-08-14,2026-08-13,5.85,3.91,-33.16239316239316,3.21,8.4,4181097.6168433493,22779903.99761019,21351.964071856288,4.189216946089065
ARE,ARE.json,501,501,501,0,False,,2024-08-14,2026-08-13,114.1,48.42,-57.56354075372481,39.41,125.63,1873486.4630232377,129800983.57712361,27580.746506986026,2.4304096140717757
ARES,ARES.json,501,501,501,0,False,,2024-08-14,2026-08-13,142.24,149.45,5.0688976377952555,95.8,200.485,2182830.6476198244,318380966.6132581,32694.604790419162,2.6383163875342044
ARGX,ARGX.json,501,501,501,0,False,,2024-08-14,2026-08-13,528.765,856.94,62.0644331602886,510.055,953.58,339577.3516191457,238922901.3667493,13712.285429141717,2.027814482846563
ARHS,ARHS.json,501,501,501,0,False,,2024-08-14,2026-08-13,11.81,9.7,-17.866215071972913,5.57,13.97,1578866.617273012,15038138.05051371,15551.469061876247,3.8438964219957343
ARI,ARI.json,501,501,501,0,False,,2024-08-14,2026-08-13,10.06,6.91,-31.312127236580523,6.43,11.24,1515982.6122278683,14448052.113566887,9891.898203592815,2.0914218760730896
ARKF,ARKF.json,501,501,501,0,False,,2024-08-14,2026-08-13,26.89,44.18,64.29899590925994,26.19,59.2,362118.23602196405,15704959.164944036,4239.243512974052,2.2633878664596985
ARKG,ARKG.json,501,501,501,0,False,,2024-08-14,2026-08-13,25.32,44.32,75.03949447077409,17.505,45.13,2867116.2111266507,80393524.37657523,27826.620758483034,2.805624315435212
ARKK,ARKK.json,501,501,501,0,False,,2024-08-14,2026-08-13,42.83,82.59,92.8321270137754,38.5686,92.65,9353463.59525406,622479602.2290074,86204.18363273454,2.597048567815173
ARKQ,ARKQ.json,501,501,501,0,False,,2024-08-14,2026-08-13,53.46,130.1,143.35952113729888,52.6,144.416,181713.01837006188,19143147.41385768,3732.2874251497005,2.226057057558865
ARKW,ARKW.json,501,501,501,0,False,,2024-08-14,2026-08-13,75.9,154.06,102.97760210803686,73.87,183.0,191874.92515314172,25386515.081312306,2932.373253493014,2.303906833594956
ARLP,ARLP.json,501,501,501,0,False,,2024-08-14,2026-08-13,23.31,24.88,6.735306735306734,22.2001,30.5627,347962.3694241717,8909911.44784935,3365.8622754491016,1.5374194595227753
ARM,ARM.json,501,501,501,0,False,,2024-08-14,2026-08-13,128.82,278.65,116.30957925787922,80.0,452.7,6238432.06097902,1104714266.6776977,100470.40518962075,4.404294387459508
ARRY,ARRY.json,501,501,501,0,False,,2024-08-14,2026-08-13,7.01,5.17,-26.248216833095572,3.76,12.23,6495310.065292783,47371753.23595241,38537.72854291417,5.389274320610673
ARVN,ARVN.json,501,501,501,0,False,,2024-08-14,2026-08-13,24.25,9.01,-62.84536082474227,5.9,29.6106,1446406.4955931038,15652643.799484253,15512.127744510977,4.467802639978669
ARW,ARW.json,501,501,501,0,False,,2024-08-14,2026-08-13,128.2,209.19,63.17472698907957,86.5,237.3328,548071.4543651256,76310076.81107499,12605.962075848303,2.1454704520072405
ASAN,ASAN.json,501,501,501,0,False,,2024-08-14,2026-08-13,13.0,9.87,-24.076923076923084,5.38,27.77,4185616.6165371398,50910544.19055749,33174.67864271457,4.473876737948477
ASML,ASML.json,501,501,501,0,False,,2024-08-14,2026-08-13,887.59,1847.9,108.19297198030623,578.51,1999.96,1735585.167028469,1798507851.4412184,89290.94411177645,2.832424172838583
ASND,ASND.json,501,501,501,0,False,,2024-08-14,2026-08-13,139.18,246.23,76.91478660727114,111.09,282.15,573798.6460749761,108875443.73662199,10445.536926147704,2.6230906637258875
ASO,ASO.json,501,501,501,0,False,,2024-08-14,2026-08-13,51.83,48.93,-5.595215126374686,33.34,64.615,1586075.7341589662,80495396.36345501,25439.11776447106,2.905593856591801
ASTS,ASTS.json,501,501,501,0,False,,2024-08-14,2026-08-13,21.11,71.52,238.7967787778304,17.5,133.8599,14368262.560524646,841065808.5641656,148548.6107784431,6.935373838883948
ATEC,ATEC.json,501,501,501,0,False,,2024-08-14,2026-08-13,6.05,9.75,61.15702479338842,4.88,23.29,2410651.911240551,28444681.382216357,23097.263473053892,4.357799784218254
ATI,ATI.json,501,501,501,0,False,,2024-08-14,2026-08-13,63.23,227.22,259.35473667562866,39.23,243.5694,1784213.3201837484,178417982.9143243,27651.40718562874,2.8082223088807865
ATKR,ATKR.json,501,501,501,0,False,,2024-08-14,2026-08-13,95.92,93.83,-2.178899082568808,49.92,105.275,578353.7194058623,42960728.13060366,11497.209580838324,3.234505448832796
ATO,ATO.json,501,501,501,0,False,,2024-08-14,2026-08-13,128.48,169.96,32.285180572851814,127.43,192.5099,1030304.4452685649,167520352.14703313,19532.303393213573,1.0328551766162082
ATR,ATR.json,501,501,501,0,False,,2024-08-14,2026-08-13,144.13,132.57,-8.020537015194618,103.227,178.03,427515.8139308004,58708230.44376305,11071.566866267465,1.5284656812767698
AUR,AUR.json,501,501,501,0,False,,2024-08-14,2026-08-13,3.66,6.84,86.88524590163934,3.36,10.77,18410989.417493805,108724042.35945259,52440.12774451098,5.574202983233779
AVA,AVA.json,501,501,501,0,False,,2024-08-14,2026-08-13,37.79,38.65,2.275734321249012,34.8,43.5,654932.8596424332,25656615.890295208,10526.169660678643,1.2134143720274746
AVAH,AVAH.json,501,501,501,0,False,,2024-08-14,2026-08-13,4.6,11.29,145.43478260869566,3.67,11.535,985754.7098874351,7525839.062187179,10185.920159680638,4.37993125015276
AVAV,AVAV.json,501,501,501,0,False,,2024-08-14,2026-08-13,182.44,189.43,3.8313966235474783,102.25,417.86,1042229.9326896986,236501567.95821875,32446.5249500998,4.247173715624405
AVB,AVB.json,501,501,501,0,False,,2024-08-14,2026-08-13,211.79,183.91,-13.163983190896644,160.095,239.29,892190.7240000939,173856367.42313316,18274.562874251496,1.345140788873585
AVGO,AVGO.json,501,501,501,0,False,,2024-08-14,2026-08-13,158.02,417.82,164.4095684090621,134.9,495.0,26493840.899033476,7457923987.99594,401579.4510978044,3.336214273031282
AVNT,AVNT.json,501,501,501,0,False,,2024-08-14,2026-08-13,45.43,46.12,1.5188201628879572,27.48,54.68,685726.9199638424,25772480.842500806,11735.041916167665,2.3767208379913236
AVT,AVT.json,501,501,501,0,False,,2024-08-14,2026-08-13,53.4,95.99,79.7565543071161,39.22,100.0,935937.88588499,57379335.2929601,16375.580838323353,2.100063482586543
AVY,AVY.json,501,501,501,0,False,,2024-08-14,2026-08-13,209.03,180.01,-13.883174663923848,152.42,224.38,682170.8205470799,122218297.42729086,16032.748502994013,1.5117174830777025
AWK,AWK.json,501,501,501,0,False,,2024-08-14,2026-08-13,141.0,136.46,-3.2198581560283657,118.74,155.5,1573694.3420680622,212313721.85690758,28468.261477045908,1.4422261632384923
AXGN,AXGN.json,501,501,501,0,False,,2024-08-14,2026-08-13,11.23,48.05,327.8717720391807,9.215,49.929,837892.6289547884,21479267.347367514,11841.812375249501,3.5623315452036404
AXON,AXON.json,501,501,501,0,False,,2024-08-14,2026-08-13,368.8,615.59,66.91702819956615,339.01,885.915,835565.7574459362,467728739.7480469,33015.255489021954,3.707102415924693
AXP,AXP.json,501,501,501,0,False,,2024-08-14,2026-08-13,239.81,343.65,43.300946582711305,220.43,387.49,2909741.986431122,903337793.1350063,67619.2375249501,1.85333084561224
AXSM,AXSM.json,501,501,501,0,False,,2024-08-14,2026-08-13,85.09,213.68,151.12234105065224,75.56,260.19,681853.7926504291,98649938.6063486,14816.35129740519,2.8037570418260347
AXTA,AXTA.json,501,501,501,0,False,,2024-08-14,2026-08-13,33.82,37.05,9.550561797752799,24.9365,41.655,2648563.2897598227,84399398.747574,27223.8123752495,2.0047712211030784
AZN,AZN.json,501,501,501,0,False,,2024-08-14,2026-08-13,165.92,157.24,-5.231436837029879,122.48,212.71,2628237.425892635,423318482.7406069,51762.50898203593,1.6658224673530693
AZO,AZO.json,501,501,501,0,False,,2024-08-14,2026-08-13,3153.86,3040.37,-3.598447616571443,2898.57,4388.11,166934.1923478902,575398212.9069318,16586.97205588822,1.6091956376906542
BA,BA.json,501,501,501,0,False,,2024-08-14,2026-08-13,167.885,230.33,37.195103791285725,128.8801,254.3499,8407000.727749314,1624614104.3031096,119353.00798403194,2.266984654563774
BABA,BABA.json,501,501,501,0,False,,2024-08-14,2026-08-13,80.55,122.16,51.65735567970204,77.74,192.67,16937321.479781304,2100213390.0002058,181320.33333333334,2.9097373606254715
BAC,BAC.json,501,501,501,0,False,,2024-08-14,2026-08-13,38.52,64.09,66.38110072689511,33.065,65.2,38284284.832065135,1833953554.360232,188017.99001996007,1.571676349705822
BALL,BALL.json,501,501,501,0,False,,2024-08-14,2026-08-13,63.15,61.93,-1.9319081551860684,43.51,68.29,2417063.8441182,134688894.03095403,31682.08383233533,1.6549000219823553
BAM,BAM.json,501,501,501,0,False,,2024-08-14,2026-08-13,40.21,55.86,38.920666500870425,39.19,64.1,2270599.1344218682,116544215.48345985,25942.481037924153,2.0025682854790428
BANC,BANC.json,501,501,501,0,False,,2024-08-14,2026-08-13,13.1,19.63,49.847328244274806,11.52,21.93,2597024.628520259,43702322.406356245,23085.393213572854,2.1258194325725372
BAX,BAX.json,501,501,501,0,False,,2024-08-14,2026-08-13,34.82,27.05,-22.314761631246405,15.73,40.49,6363506.467686757,155160957.16066134,50331.31936127745,2.616226091399559
BBAR,BBAR.json,501,501,501,0,False,,2024-08-14,2026-08-13,9.57,16.02,67.39811912225704,7.76,25.01,822241.5188487985,12993055.534092402,7700.730538922156,4.593201473844571
BBD,BBD.json,501,501,501,0,False,,2024-08-14,2026-08-13,2.76,3.15,14.130434782608692,1.84,4.3,38167783.45901971,114448995.08311927,25724.660678642715,2.2740566616363265
BBDC,BBDC.json,501,501,501,0,False,,2024-08-14,2026-08-13,9.94,9.43,-5.130784708249491,7.66,10.85,568111.6127916208,5161106.395150464,4789.135728542914,1.4059712722117812
BBIO,BBIO.json,501,501,501,0,False,,2024-08-14,2026-08-13,23.91,81.21,239.64868255959848,21.72,93.415,2685875.151521904,139342243.23300838,31031.604790419162,3.2352212519322854
BBSI,BBSI.json,501,501,501,0,False,,2024-08-14,2026-08-13,35.05,33.01,-5.820256776034238,25.3341,49.65,180783.39333908583,6759458.904838901,4349.592814371257,2.0565953960756675
BBWI,BBWI.json,501,501,501,0,False,,2024-08-14,2026-08-13,31.71,18.63,-41.24881740775781,14.275,41.87,5840332.157384857,153227941.11011353,54473.91816367266,3.4954173328679983
BBY,BBY.json,501,501,501,0,False,,2024-08-14,2026-08-13,83.88,85.35,1.7525035765379116,54.99,103.71,3741847.6527699,280024884.0919161,52097.37125748503,2.559930227393767
BC,BC.json,501,501,501,0,False,,2024-08-14,2026-08-13,76.6,81.6,6.5274151436031325,41.0,90.25,813388.5226361975,55824185.10535877,15085.225548902195,2.58752187888086
BCBP,BCBP.json,501,501,501,0,False,,2024-08-14,2026-08-13,11.32,9.0,-20.49469964664311,7.3101,14.04,83588.63528752893,797347.1779468381,1571.3892215568862,2.1069604029826547
BCC,BCC.json,501,501,501,0,False,,2024-08-14,2026-08-13,129.95,84.13,-35.259715275105805,65.0,155.42,377160.7163933054,34600424.771119505,9392.606786427146,2.457387096164522
BCO,BCO.json,501,501,501,0,False,,2024-08-14,2026-08-13,97.0,114.55,18.092783505154642,80.1,136.37,347981.5098136507,36252492.689534046,8903.061876247504,2.00554199879083
BCPC,BCPC.json,501,501,501,0,False,,2024-08-14,2026-08-13,165.24,177.14,7.201646090534974,139.17,185.955,170030.208337982,27872963.504720457,5950.714570858284,1.3857679039596387
BCRX,BCRX.json,501,501,501,0,False,,2024-08-14,2026-08-13,7.98,9.81,22.93233082706767,6.0,11.31,3892167.2623716504,32695157.79603593,25034.05389221557,3.125176200187584
BCS,BCS.json,501,501,501,0,False,,2024-08-14,2026-08-13,11.42,28.09,145.9719789842382,11.2201,28.685,11036598.974391282,193690660.14447674,27681.49900199601,2.0804796064245243
BDC,BDC.json,501,501,501,0,False,,2024-08-14,2026-08-13,98.05,137.16,39.88781234064254,83.18,159.99,327813.0298464052,38100833.72099437,8552.728542914172,2.395455697676941
BDX,BDX.json,501,501,501,0,False,,2024-08-14,2026-08-13,235.71,181.97,-22.799202409740783,140.11,251.985,2298209.4901707186,432978424.44475734,37278.343313373254,1.890051322199981
BE,BE.json,501,501,501,0,False,,2024-08-14,2026-08-13,11.93,236.22,1880.0502933780385,9.02,351.28,10044197.578684898,1117727391.6853492,117523.53493013972,6.768701606834019
BEAM,BEAM.json,501,501,501,0,False,,2024-08-14,2026-08-13,24.35,26.51,8.870636550307998,13.525,38.26,1920060.3050188862,47554132.94430058,27200.033932135728,4.662817441961133
BEKE,BEKE.json,501,501,501,0,False,,2024-08-14,2026-08-13,14.53,16.96,16.724019270474887,13.28,26.045,7071768.171826633,134590818.3532423,44332.35928143712,3.053608982478018
BEN,BEN.json,501,501,501,0,False,,2024-08-14,2026-08-13,22.0,33.86,53.90909090909091,16.25,36.28,4615656.138972994,110929767.15511182,39022.70259481038,1.9730332226505503
BFAM,BFAM.json,501,501,501,0,False,,2024-08-14,2026-08-13,133.99,73.25,-45.33174117471454,57.63,141.9,698708.668931525,67923720.75903766,13753.4750499002,2.4562728292355804
BFC,BFC.json,501,501,501,0,False,,2024-08-14,2026-08-13,82.76,158.42,91.42097631706136,82.51,158.86,67888.37938978244,8714863.678466251,3580.9241516966067,1.8102514752305496
BFS,BFS.json,501,501,501,0,False,,2024-08-14,2026-08-13,38.57,35.0,-9.255898366606175,29.16,42.3899,63161.65292550898,2191648.310777187,1814.4011976047905,1.2794293205263172
BG,BG.json,501,501,501,0,False,,2024-08-14,2026-08-13,96.92,112.73,16.312422616591004,67.4,134.865,1727767.6044879102,162157143.50663674,27158.932135728544,1.909943259034928
BGC,BGC.json,501,501,501,0,False,,2024-08-14,2026-08-13,9.22,10.94,18.655097613882845,7.24,12.885,2896171.50919684,28372970.76021869,19949.377245508982,2.1557975734940342
BGS,BGS.json,501,501,501,0,False,,2024-08-14,2026-08-13,8.35,3.68,-55.92814371257484,3.35,9.44,2101269.3855190957,10863220.973895596,12680.612774451098,3.3194562143382433
BHC,BHC.json,501,501,501,0,False,,2024-08-14,2026-08-13,5.5,6.34,15.27272727272726,4.25,9.85,2416881.2328707385,15726978.222297125,12308.660678642715,3.5472830218842755
BHE,BHE.json,501,501,501,0,False,,2024-08-14,2026-08-13,41.95,80.49,91.87127532777113,30.73,100.4099,327228.9761143234,17494446.40472319,7253.720558882235,2.5888458800669287
BHF,BHF.json,501,501,501,0,False,,2024-08-14,2026-08-13,41.58,59.54,43.19384319384321,40.0,66.8,789952.5538426606,44967602.41545906,13059.31736526946,3.0515874626127277
BHP,BHP.json,501,501,501,0,False,,2024-08-14,2026-08-13,52.36,87.23,66.59663865546219,39.73,93.83,2987835.1593236686,181597784.84003988,37152.295409181635,2.0045990453452918
BHR,BHR.json,501,501,501,0,False,,2024-08-14,2026-08-13,2.8,2.02,-27.857142857142847,1.8,3.82,374370.8919302216,977671.5828700338,2647.4151696606787,3.2765814639404285
BIL,BIL.json,501,501,501,0,False,,2024-08-14,2026-08-13,91.58,91.51,-0.07643590303558767,91.26,91.83,9636888.148565933,882341124.4641591,25273.82235528942,0.0728427489297373
BILI,BILI.json,501,501,501,0,False,,2024-08-14,2026-08-13,13.78,17.07,23.875181422351233,12.72,36.4,4268764.804266653,91698837.77076656,36691.27345309381,3.8846751918159574
BILL,BILL.json,501,501,501,0,False,,2024-08-14,2026-08-13,48.01,51.31,6.873568006665298,31.41,100.19,2628420.510553992,136635467.95943573,34090.44510978044,4.016503650639534
BIP,BIP.json,501,501,501,0,False,,2024-08-14,2026-08-13,30.13,40.01,32.79123796880186,25.72,44.035,606179.1231585868,21041895.16340048,6750.976047904192,1.5375083133137277
BIRK,BIRK.json,501,501,501,0,False,,2024-08-14,2026-08-13,60.27,41.0,-31.97278911564626,31.12,64.78,2019582.6536573675,92375039.39358221,25859.63473053892,2.8687056809598364
BJ,BJ.json,501,501,501,0,False,,2024-08-14,2026-08-13,83.83,93.53,11.571036621734464,76.33,121.1,1905802.9887123653,185094862.42174038,30520.880239520957,1.908468755014292
BJRI,BJRI.json,501,501,501,0,False,,2024-08-14,2026-08-13,28.82,66.67,131.3324080499653,27.61,74.6,425271.70067392814,16941383.49520271,9221.596806387226,2.7119876584484186
BKH,BKH.json,501,501,501,0,False,,2024-08-14,2026-08-13,57.04,73.94,29.628330995792428,54.92,78.69,712938.3165151477,47487780.0767617,13899.868263473054,1.3165905409327228
BKLN,BKLN.json,501,501,501,0,False,,2024-08-14,2026-08-13,20.99,20.57,-2.0009528346831784,20.02,21.19,12904015.3327804,267917734.99768218,13977.506986027944,0.24086049109539928
BKNG,BKNG.json,501,501,501,0,False,,2024-08-14,2026-08-13,142.88,213.34,49.31410974244122,142.3055,233.5765,6735042.274956636,1277113500.4247034,67727.27145708582,2.007500675735809
BKR,BKR.json,501,501,501,0,False,,2024-08-14,2026-08-13,34.91,63.44,81.72443425952449,32.25,70.41,7790243.317700477,377458176.35550994,77731.22155688623,2.1781425255612827
BKU,BKU.json,501,501,501,0,False,,2024-08-14,2026-08-13,35.5,47.83,34.73239436619717,28.21,52.11,849415.7509804411,34550479.31505595,12628.477045908183,2.093376091962653
BL,BL.json,501,501,501,0,False,,2024-08-14,2026-08-13,52.2,31.36,-39.92337164750958,24.7,66.25,895423.1404866467,40928920.02902352,14954.842315369262,2.7746937161073397
BLBD,BLBD.json,501,501,501,0,False,,2024-08-14,2026-08-13,48.2,64.67,34.17012448132779,30.04,83.39,539780.8965467626,26781049.22589695,10686.44510978044,2.7842544090214885
BLDR,BLDR.json,501,501,501,0,False,,2024-08-14,2026-08-13,162.73,73.56,-54.796288330363176,65.1,203.14,1996410.4824043293,236125176.57222414,35816.69061876248,2.9748626670652705
BLK,BLK.json,501,501,501,0,False,,2024-08-14,2026-08-13,856.03,1182.84,38.17740032475496,773.7401,1219.9399,704110.5440461437,720278362.4013886,37600.66866267465,1.6916300440970435
BLKB,BLKB.json,501,501,501,0,False,,2024-08-14,2026-08-13,76.22,46.21,-39.37286801364471,25.58,88.95,394203.9136301616,20703070.074377574,9168.528942115769,2.6138905442264777
BLMN,BLMN.json,501,501,501,0,False,,2024-08-14,2026-08-13,16.45,10.79,-34.40729483282675,5.19,18.72,2339718.4655653313,20609512.436645873,22252.265469061877,4.7742991371813694
BLX,BLX.json,501,501,501,0,False,,2024-08-14,2026-08-13,28.93,54.81,89.45731075008642,28.79,63.195,137021.4979773573,6144023.410184842,3174.8463073852295,1.6177187468298933
BMBL,BMBL.json,501,501,501,0,False,,2024-08-14,2026-08-13,5.95,2.72,-54.285714285714285,2.54,9.22,3218943.479386597,16371474.354029382,20164.285429141717,4.52427332419342
BMI,BMI.json,501,501,501,0,False,,2024-08-14,2026-08-13,195.76,130.43,-33.37249693502247,112.09,256.08,338964.41903164674,58432587.03831334,9817.159680638722,2.539881054645553
BMO,BMO.json,501,501,501,0,False,,2024-08-14,2026-08-13,83.0,184.16,121.87951807228914,81.13,184.82,759209.3565061856,91408478.621563,12211.592814371257,1.2403627754326467
BMRN,BMRN.json,501,501,501,0,False,,2024-08-14,2026-08-13,90.88,68.53,-24.59286971830985,49.2592,94.85,2059061.319745475,124514420.37170623,28345.680638722555,2.2029439534509243
BMY,BMY.json,501,501,501,0,False,,2024-08-14,2026-08-13,49.06,64.65,31.777415409702403,42.52,68.1,12922139.60202021,686671812.9771999,101488.99201596806,1.7854045107986498
BND,BND.json,501,501,501,0,False,,2024-08-14,2026-08-13,74.31,72.48,-2.4626564392410177,71.1023,75.67,7397960.674931118,543670702.1926489,34000.473053892216,0.28274847692424665
BNO,BNO.json,501,501,501,0,False,,2024-08-14,2026-08-13,31.13,49.74,59.78156119498876,24.715,60.81,1553527.4345713872,67362676.82423961,16057.337325349301,2.4600946935818397
BNTX,BNTX.json,501,501,501,0,False,,2024-08-14,2026-08-13,83.78,92.12,9.954643112914784,79.52,131.49,989129.955672487,101493678.7071433,15991.606786427146,3.0346619054897235
BOH,BOH.json,501,501,501,0,False,,2024-08-14,2026-08-13,64.66,79.86,23.507578100835147,57.445,86.31,398644.8467298962,28299534.73106461,8819.610778443113,1.710047381361861
BOKF,BOKF.json,501,501,501,0,False,,2024-08-14,2026-08-13,97.29,145.65,49.70706136293555,85.075,146.215,235175.25399838723,27460328.648735363,6880.848303393213,1.6200491417085536
BOOT,BOOT.json,501,501,501,0,False,,2024-08-14,2026-08-13,135.28,162.48,20.106445890005897,86.1698,210.25,723058.8388982395,111309724.2274637,17064.81636726547,3.151275149884504
BOTZ,BOTZ.json,501,501,501,0,False,,2024-08-14,2026-08-13,29.98,37.82,26.15076717811875,23.815,41.71,716566.401467038,24818977.133724153,9150.522954091817,1.6992429801852105
BOX,BOX.json,501,501,501,0,False,,2024-08-14,2026-08-13,27.73,33.64,21.31265777136675,21.34,38.8,2179476.379996782,65886340.36279935,25784.656686626746,2.118268105386112
BP,BP.json,501,501,501,0,False,,2024-08-14,2026-08-13,33.77,42.83,26.828546046787082,25.2249,48.27,9913434.640770275,350127045.9905136,58216.015968063875,1.8316313874985815
BPOP,BPOP.json,501,501,501,0,False,,2024-08-14,2026-08-13,96.31,177.03,83.81268819437233,78.23,179.0,540755.5662562735,63700026.391519286,11766.51497005988,1.7492957099703448
BRC,BRC.json,501,501,501,0,False,,2024-08-14,2026-08-13,70.17,93.95,33.88912640729658,62.7,99.285,241021.14234732735,18706073.336870234,5554.758483033932,1.8588263621259795
BRK.B,BRK.B.json,501,501,501,0,False,,2024-08-14,2026-08-13,433.0,506.93,17.073903002309464,431.71,542.07,4627094.513701096,2255301428.586452,115800.94211576847,1.0863889116429628
BRKR,BRKR.json,501,501,501,0,False,,2024-08-14,2026-08-13,61.4,57.93,-5.651465798045596,28.53,72.94,2356621.8150757225,104720449.17734408,30467.690618762474,3.371325766088991
BRO,BRO.json,501,501,501,0,False,,2024-08-14,2026-08-13,100.12,71.61,-28.475829005193777,53.8135,125.675,2552637.2102526748,223211286.84026363,36110.68263473054,1.695199586388501
BROS,BROS.json,501,501,501,0,False,,2024-08-14,2026-08-13,29.47,51.13,73.49847302341365,28.57,86.88,3576001.1922675567,203345308.6405776,44541.81037924152,3.7832157354444633
BRX,BRX.json,501,501,501,0,False,,2024-08-14,2026-08-13,25.39,30.02,18.235525797558093,22.285,32.86,2414126.174650122,66849533.04791223,22269.89021956088,1.3166431939319394
BRZE,BRZE.json,501,501,501,0,False,,2024-08-14,2026-08-13,41.52,29.87,-28.058766859344896,15.26,48.33,1962247.781808994,55252801.012442715,26242.05988023952,3.876996763196429
BSBR,BSBR.json,501,501,501,0,False,,2024-08-14,2026-08-13,5.44,5.77,6.066176470588225,3.75,7.32,850651.62825699,4630868.831522206,4870.610778443114,2.108257609502899
BSX,BSX.json,501,501,501,0,False,,2024-08-14,2026-08-13,75.94,51.69,-31.933105082960232,42.2,109.5,10760448.20056583,839504394.3150264,101074.57884231537,1.9124212272764434
BTI,BTI.json,501,501,501,0,False,,2024-08-14,2026-08-13,36.02,57.35,59.21710161021654,34.17,67.3,4711543.714948206,232091874.89969918,40353.80638722555,1.4649191671986834
BTU,BTU.json,501,501,501,0,False,,2024-08-14,2026-08-13,22.9,24.09,5.196506550218349,9.61,41.1399,3796843.0941873817,84861300.26391278,36438.39121756487,3.5958783080058225
BUD,BUD.json,501,501,501,0,False,,2024-08-14,2026-08-13,60.52,80.23,32.567746199603434,45.94,86.6,2103447.3948189025,137945808.96835902,26487.095808383234,1.5467640998128271
BURL,BURL.json,501,501,501,0,False,,2024-08-14,2026-08-13,259.03,355.32,37.17330038991624,212.92,378.33,951436.0172421478,261551682.7602706,25047.730538922155,2.4236311355729847
BUSE,BUSE.json,501,501,501,0,False,,2024-08-14,2026-08-13,24.97,31.19,24.909891870244305,18.4,31.7,524402.0479227965,13148443.911357518,9028.111776447106,1.7429506682392772
BWA,BWA.json,501,501,501,0,False,,2024-08-14,2026-08-13,31.99,67.87,112.16005001562989,24.4,78.82,2712540.59701885,118399133.2157939,30663.808383233532,2.2543311797156163
BWXT,BWXT.json,501,501,501,0,False,,2024-08-14,2026-08-13,97.83,170.35,74.12859041193907,84.2085,241.82,1035252.9956793513,164396660.67425495,24125.81636726547,2.6191307980373097
BX,BX.json,501,501,501,0,False,,2024-08-14,2026-08-13,133.68,149.32,11.699581089168154,101.73,200.96,4717780.747524389,668749900.1766144,64061.63672654691,2.3403444872355155
BXP,BXP.json,501,501,501,0,False,,2024-08-14,2026-08-13,69.12,69.18,0.08680555555555802,49.72,90.1099,1632614.2499246248,110574032.39458735,23524.918163672653,1.8608012515637848
BYD,BYD.json,501,501,501,0,False,,2024-08-14,2026-08-13,56.57,83.26,47.180484355665556,55.91,91.41,946132.3962557925,74019130.33066522,17820.88223552894,1.7297967700706667
C,C.json,501,501,501,0,False,,2024-08-14,2026-08-13,58.37,138.73,137.67346239506594,55.51,147.96,13977976.368046433,1300508747.8895602,132873.79241516965,1.9644749680752223
CACC,CACC.json,501,501,501,0,False,,2024-08-14,2026-08-13,450.72,582.89,29.32419240326587,401.9,668.86,126872.86190716368,63288337.617976524,7073.1816367265465,2.3361534061890192
CACI,CACI.json,501,501,501,0,False,,2024-08-14,2026-08-13,460.53,670.0,45.48455040931103,318.595,683.5,297187.8588780479,142891562.31248963,12638.405189620758,2.3888135458274955
CAG,CAG.json,501,501,501,0,False,,2024-08-14,2026-08-13,30.4,15.39,-49.37499999999999,12.53,33.24,10255928.100175826,194773773.6519605,54495.90219560878,1.7498477175760812
CAH,CAH.json,501,501,501,0,False,,2024-08-14,2026-08-13,109.0,231.24,112.14678899082568,105.01,258.3021,2225199.5497008003,366392479.79322654,36378.89820359281,1.6673838316413898
CAKE,CAKE.json,501,501,501,0,False,,2024-08-14,2026-08-13,36.2,111.88,209.06077348066296,35.12,118.46,1321556.256790062,76825119.5845817,22792.93612774451,2.3848564032411566
CALM,CALM.json,501,501,501,0,False,,2024-08-14,2026-08-13,70.5,82.59,17.14893617021278,68.22,126.4,892678.9824801139,80411122.50565232,19030.986027944113,2.255937674253933
CALX,CALX.json,501,501,501,0,False,,2024-08-14,2026-08-13,37.37,39.84,6.609579876906624,28.605,71.22,823001.1550581676,36916005.27508271,13279.688622754491,2.6204138799869985
CAMT,CAMT.json,501,501,501,0,False,,2024-08-14,2026-08-13,93.55,172.81,84.72474612506682,47.41,215.99,502791.90118807787,55160172.33060031,10742.950099800399,4.133619891225523
CANE,CANE.json,501,501,501,0,False,,2024-08-14,2026-08-13,11.17,10.84,-2.9543419874664245,8.97,13.73,152800.8911920399,1557910.50923106,527.7664670658683,1.325489633833798
CAR,CAR.json,501,501,501,0,False,,2024-08-14,2026-08-13,85.27,136.99,60.6543919315117,54.03,847.6999,1139936.5598511836,199547836.00764555,22086.379241516966,5.318507194188278
CARG,CARG.json,501,501,501,0,False,,2024-08-14,2026-08-13,28.53,37.94,32.982825096389746,24.65,41.33,1028146.4085362615,33892632.25240082,17150.82235528942,2.4511971444185447
CARR,CARR.json,501,501,501,0,False,,2024-08-14,2026-08-13,65.65,63.35,-3.503427265803505,50.24,83.32,5807023.637961962,375982677.3167891,65177.93612774451,2.20088232355018
CARS,CARS.json,501,501,501,0,False,,2024-08-14,2026-08-13,17.8,12.55,-29.49438202247191,7.4,20.47,839746.3128180559,10137693.78360167,11380.998003992016,2.9613569004835503
CART,CART.json,501,501,501,0,False,,2024-08-14,2026-08-13,32.5,50.08,54.092307692307685,31.59,53.5,4532914.71539572,190957145.21620572,50387.95409181637,2.757811573407802
CASY,CASY.json,501,501,501,0,False,,2024-08-14,2026-08-13,368.14,853.78,131.91720541098496,350.5154,927.85,371394.15431157686,218295257.07275012,15747.167664670658,1.9676236020589002
CAT,CAT.json,501,501,501,0,False,,2024-08-14,2026-08-13,339.6,854.6,151.6489988221437,267.3,1073.46,2700100.5528940624,1469475659.068281,70513.86626746507,2.2069101624259213
CATY,CATY.json,501,501,501,0,False,,2024-08-14,2026-08-13,40.75,64.61,58.55214723926381,36.055,65.05,411675.50105013174,20313770.41974413,8984.50499001996,1.8081056047286432
CAVA,CAVA.json,501,501,501,0,False,,2024-08-14,2026-08-13,94.29,72.18,-23.448934139357302,43.41,172.4299,3613282.7780146287,306836450.0990196,48677.792415169664,3.70342537195883
CB,CB.json,501,501,501,0,False,,2024-08-14,2026-08-13,268.42,344.5,28.343640563296326,252.1604,365.91,1723773.5666372015,512777120.55979264,38438.17764471058,1.2474293671472303
CBOE,CBOE.json,501,501,501,0,False,,2024-08-14,2026-08-13,201.04,293.08,45.78193394349383,187.3,371.18,931900.8502668503,229769220.64954823,22844.261477045908,1.751943126771931
CBRE,CBRE.json,501,501,501,0,False,,2024-08-14,2026-08-13,110.58,151.89,37.35756918068365,108.45,174.27,1847398.643798489,257585608.24291247,30459.784431137723,1.9484499145603436
CBSH,CBSH.json,501,501,501,0,False,,2024-08-14,2026-08-13,54.8662,60.0,9.356944712773995,46.9859,69.288,922060.9796197505,51264803.43539977,16880.423153692616,1.4572202078851395
CC,CC.json,501,501,501,0,False,,2024-08-14,2026-08-13,18.31,15.26,-16.657564172583285,9.13,28.67,2899589.790425188,46102563.80503141,29243.604790419162,4.017687200115669
CCBG,CCBG.json,501,501,501,0,False,,2024-08-14,2026-08-13,31.61,52.49,66.05504587155964,31.17,53.6,53808.75114529541,2300084.9288750365,1783.7664670658683,1.65909666859833
CCG,CCG.json,501,501,501,0,False,,2024-08-14,2026-08-13,28.1505,17.0099,-39.575140761265345,10.2,53.9,8409.099098560879,267032.7037174396,663.6726546906187,5.481978733295126
CCI,CCI.json,501,501,501,0,False,,2024-08-14,2026-08-13,110.35,75.73,-31.37290439510647,69.72,120.92,3262637.865551681,307454807.9272363,41959.35528942116,1.7526939819877356
CCJ,CCJ.json,501,501,501,0,False,,2024-08-14,2026-08-13,39.79,97.75,145.66473988439304,35.0,135.24,4296999.66031598,325040929.098367,57380.37325349302,3.2453001525705902
CCK,CCK.json,501,501,501,0,False,,2024-08-14,2026-08-13,86.31,118.37,37.14517437145175,75.98,122.91,1262226.2311918065,122900976.98639642,20437.0499001996,1.5582443256530722
CCL,CCL.json,501,501,501,0,False,,2024-08-14,2026-08-13,14.9,28.42,90.73825503355705,14.53,34.03,23729763.005311694,598689139.4048659,121843.9001996008,3.00680550301389
CCOI,CCOI.json,501,501,501,0,False,,2024-08-14,2026-08-13,72.0,10.35,-85.625,9.0,86.76,991866.3910849841,33295464.848613996,16688.303393213573,4.385967319686534
CDNA,CDNA.json,501,501,501,0,False,,2024-08-14,2026-08-13,27.55,47.38,71.97822141560799,10.96,49.76,996244.8986881098,20531957.302047137,14062.345309381237,4.575907119260029
CDNS,CDNS.json,501,501,501,0,False,,2024-08-14,2026-08-13,271.73,323.77,19.1513634858131,221.5601,416.69,2056775.2235905908,637318146.4118826,48872.938123752494,2.5333984586379685
CDP,CDP.json,501,501,501,0,False,,2024-08-14,2026-08-13,28.98,37.28,28.64044168391995,23.9215,38.9,982369.4022201936,29755886.639637068,11751.085828343314,1.2091079121755988
CDW,CDW.json,501,501,501,0,False,,2024-08-14,2026-08-13,216.55,142.05,-34.403140152389746,97.12,231.38,1506207.38111701,234078460.00986347,27735.17964071856,2.423053976995558
CE,CE.json,501,501,501,0,False,,2024-08-14,2026-08-13,127.6,44.3,-65.28213166144201,35.13,142.54,2297406.941498148,131740349.1941488,30309.239520958083,3.744091727721037
CEG,CEG.json,501,501,501,0,False,,2024-08-14,2026-08-13,188.96,278.64,47.45977984758678,161.35,412.7,3318212.5535501614,930881841.5838642,75382.05788423153,3.6222138342375856
CELH,CELH.json,501,501,501,0,False,,2024-08-14,2026-08-13,39.475,28.78,-27.093096896770106,21.1,66.74,7671770.545951743,280426101.6516553,78532.0499001996,3.9772119815690896
CENT,CENT.json,501,501,501,0,False,,2024-08-14,2026-08-13,38.5,44.44,15.428571428571413,28.77,46.97,108061.9074864471,3968760.563428941,2998.4770459081838,1.9489203792680858
CENTA,CENTA.json,501,501,501,0,False,,2024-08-14,2026-08-13,32.97,38.57,16.98513800424628,25.97,40.795,336713.32331370056,10940119.423777575,7075.0199600798405,1.8935523244475942
CEVA,CEVA.json,501,501,501,0,False,,2024-08-14,2026-08-13,21.81,30.37,39.24805135259057,17.02,51.6,408826.8901305629,11978472.663606932,8752.776447105789,4.261126008833734
CEW,CEW.json,501,501,501,0,False,,2024-08-14,2026-08-13,18.27,19.802,8.385331143951834,16.911,20.555,5616.83712348503,105780.31155242545,44.96207584830339,0.49092159369028937
CF,CF.json,501,501,501,0,False,,2024-08-14,2026-08-13,80.59,117.05,45.24134508003475,67.34,141.96,2692535.638315928,260194114.56359088,40723.91816367266,2.363286133354152
CFG,CFG.json,501,501,501,0,False,,2024-08-14,2026-08-13,39.93,74.11,85.59979964938643,32.6,74.7,4688313.719660841,241953549.65310815,52569.62874251497,1.9463336141191538
CFR,CFR.json,501,501,501,0,False,,2024-08-14,2026-08-13,107.19,168.59,57.28146282302453,100.31,170.29,477854.2366540818,63737180.46706832,11574.349301397206,1.69422751292868
CGNX,CGNX.json,501,501,501,0,False,,2024-08-14,2026-08-13,39.38,61.59,56.39918740477399,22.67,72.88,1913560.1024888523,83678274.73193252,26711.962075848303,3.243353539677157
CHCO,CHCO.json,501,501,501,0,False,,2024-08-14,2026-08-13,113.39,147.98,30.50533556751036,102.22,148.83,88813.65080206188,11001517.679724626,3772.325349301397,1.4267948435986133
CHD,CHD.json,501,501,501,0,False,,2024-08-14,2026-08-13,99.98,101.32,1.3402680536107159,81.33,116.46,1996570.0423744214,193236905.8393313,30517.375249500998,1.3701167278231225
CHDN,CHDN.json,501,501,501,0,False,,2024-08-14,2026-08-13,136.8,88.99,-34.94883040935674,79.4,150.21,735575.5557134073,75398713.33218409,15889.467065868263,2.0124023926259835
CHEF,CHEF.json,501,501,501,0,False,,2024-08-14,2026-08-13,36.93,112.05,203.41186027619818,36.8073,117.333,460846.63937824545,29419934.40235078,9882.914171656686,2.3108606774797176
CHH,CHH.json,501,501,501,0,False,,2024-08-14,2026-08-13,118.21,104.57,-11.538786904661203,84.035,157.86,502315.99128503195,58145430.44267054,12288.69261477046,2.048627483090993
CHKP,CHKP.json,501,501,501,0,False,,2024-08-14,2026-08-13,182.63,134.23,-26.501670043256865,112.23,234.355,1003184.5512328343,177559888.13911563,18628.057884231537,2.2183199523202983
CHRD,CHRD.json,501,501,501,0,False,,2024-08-14,2026-08-13,152.44,134.455,-11.798084492259242,79.83,156.12,850603.8135951117,97239014.21066439,17661.656686626746,2.511574153198769
CHRW,CHRW.json,501,501,501,0,False,,2024-08-14,2026-08-13,98.26,149.35,51.99470791776917,84.6788,210.33,1580825.312719423,220629586.3253263,28694.397205588823,2.4190835514577516
CHTR,CHTR.json,501,501,501,0,False,,2024-08-14,2026-08-13,353.97,156.53,-55.77873831115632,111.55,437.06,1890380.9312987984,473859785.28052527,43207.149700598806,2.847629006809465
CHWY,CHWY.json,501,501,501,0,False,,2024-08-14,2026-08-13,24.69,22.46,-9.031996759821793,17.4,48.62,7244045.918816254,226520465.92532605,64919.071856287424,2.90301371413649
CI,CI.json,501,501,501,0,False,,2024-08-14,2026-08-13,335.0,277.99,-17.017910447761185,239.51,370.825,1773374.5550333373,526455935.8712918,38212.82834331338,1.955244414910642
CIB,CIB.json,501,501,501,0,False,,2024-08-14,2026-08-13,33.76,96.13,184.7452606635071,30.65,100.736,354734.38162330736,19421636.191677865,5424.039920159681,2.026766142871205
CIEN,CIEN.json,501,501,501,0,False,,2024-08-14,2026-08-13,49.68,442.79,791.2842190016104,49.21,637.51,2558117.1268025474,533169740.3309228,47096.12774451098,4.056158336680508
CIFR,CIFR.json,501,501,501,0,False,,2024-08-14,2026-08-13,4.0,16.62,315.5,1.86,30.14,25527536.205755703,331487252.54425824,113305.72854291418,7.175589362223722
CIGI,CIGI.json,501,501,501,0,False,,2024-08-14,2026-08-13,135.57,105.79,-21.966511765139774,88.38,171.51,177684.03935741715,22079757.55733698,4103.998003992016,2.035363236006786
CINF,CINF.json,501,501,501,0,False,,2024-08-14,2026-08-13,128.39,172.67,34.488667341693294,123.015,194.81,654689.2144021158,101085341.20456935,15695.58882235529,1.463854565178646
CL,CL.json,501,501,501,0,False,,2024-08-14,2026-08-13,100.18,92.93,-7.236973447793971,74.545,109.3,5416765.24110641,480288328.70588696,65429.59481037924,1.3574183823934567
CLBK,CLBK.json,501,501,501,0,False,,2024-08-14,2026-08-13,16.65,11.71,-29.669669669669663,10.51,25.83,564891.9354056827,7883098.782002591,5657.017964071856,3.1028635535113227
CLBT,CLBT.json,501,501,501,0,False,,2024-08-14,2026-08-13,13.81,10.8,-21.795800144822586,9.58,26.3,1694651.0733516007,27842749.464018065,17731.552894211578,3.279811280026497
CLDX,CLDX.json,501,501,501,0,False,,2024-08-14,2026-08-13,33.31,42.61,27.919543680576385,14.4,47.0,991221.1226282496,27009020.216749135,12897.271457085828,3.552617538803756
CLF,CLF.json,501,501,501,0,False,,2024-08-14,2026-08-13,13.0,12.15,-6.538461538461537,5.63,16.7,20870295.379185483,221413394.25353748,73155.18562874252,4.494815831734213
CLFD,CLFD.json,501,501,501,0,False,,2024-08-14,2026-08-13,39.0,28.74,-26.30769230769231,23.76,52.73,152268.4796163413,5330600.523861373,4105.107784431138,3.4864166803695427
CLH,CLH.json,501,501,501,0,False,,2024-08-14,2026-08-13,235.66,320.24,35.89068997708564,178.29,335.94,434967.76320569863,108590733.02601758,12268.031936127745,1.7497359803172088
CLMT,CLMT.json,501,501,501,0,False,,2024-08-14,2026-08-13,15.96,48.79,205.7017543859649,7.68,49.17,1053240.8435413155,23236820.614708297,12892.862275449103,3.677945390898473
CLOV,CLOV.json,501,501,501,0,False,,2024-08-14,2026-08-13,2.12,4.49,111.79245283018867,1.58,5.59,7258716.910723922,23473898.276541445,21173.824351297404,4.406688142150309
CLVT,CLVT.json,501,501,501,0,False,,2024-08-14,2026-08-13,6.18,1.96,-68.28478964401295,1.66,7.15,5575068.90277651,20870709.916093115,19466.229540918164,4.14150453156169
CLX,CLX.json,501,501,501,0,False,,2024-08-14,2026-08-13,142.48,106.54,-25.224592925322842,84.7,171.37,1911804.2613078326,230471794.263946,34327.333333333336,1.6505370275376872
CM,CM.json,501,501,501,0,False,,2024-08-14,2026-08-13,51.27,122.4,138.73610298420127,51.19,122.52,1190800.0008156984,96594228.66143759,16479.1377245509,1.2234001974356412
CMC,CMC.json,501,501,501,0,False,,2024-08-14,2026-08-13,53.75,72.13,34.195348837209295,37.92,84.87,1090077.103148421,64596250.94541978,18701.4750499002,2.377614419859618
CMCSA,CMCSA.json,501,501,501,0,False,,2024-08-14,2026-08-13,38.78,26.18,-32.490974729241884,21.28,45.31,27370750.36211195,863292831.9243857,124192.52694610778,1.8674727595994274
CME,CME.json,501,501,501,0,False,,2024-08-14,2026-08-13,207.775,267.21,28.605462639874844,204.16,329.16,2285780.8990456625,599888539.3229634,46676.05389221557,1.3322069294549754
CMG,CMG.json,501,501,501,0,False,,2024-08-14,2026-08-13,52.02,32.61,-37.3125720876586,28.035,66.74,15944791.982731601,677548175.4093734,121489.10778443114,2.3971678369005005
CMI,CMI.json,501,501,501,0,False,,2024-08-14,2026-08-13,290.78,631.61,117.2123254694271,260.0189,737.76,860333.3210961337,393344040.64337754,26954.379241516966,2.0980132693194884
CMS,CMS.json,501,501,501,0,False,,2024-08-14,2026-08-13,65.88,70.51,7.027929568913183,63.97,80.36,2607909.055727297,188062594.80116695,34031.982035928144,1.0753517338854208
CNA,CNA.json,501,501,501,0,False,,2024-08-14,2026-08-13,48.03,51.15,6.4959400374765774,41.53,55.71,419708.52365101594,19889028.440876476,8695.161676646707,1.3716395242802912
CNC,CNC.json,501,501,501,0,False,,2024-08-14,2026-08-13,76.39,66.04,-13.548893834271492,25.075,80.59,7494233.355829606,340097907.559271,69999.8502994012,3.2864876970124697
CNDT,CNDT.json,501,501,501,0,False,,2024-08-14,2026-08-13,3.21,1.62,-49.53271028037383,1.15,4.8999,1205520.6541958402,2988587.5918526175,6724.219560878243,3.7509470679644585
CNH,CNH.json,501,501,501,0,False,,2024-08-14,2026-08-13,9.64,10.39,7.780082987551862,9.0,14.27,14506745.964630939,167268444.4488342,45407.19560878244,2.3811258918133875
CNI,CNI.json,501,501,501,0,False,,2024-08-14,2026-08-13,111.02,127.7,15.024319942352736,90.74,131.55,1480677.662301038,155682199.474757,21019.235528942118,1.3983312708870577
CNK,CNK.json,501,501,501,0,False,,2024-08-14,2026-08-13,26.53,37.66,41.95250659630605,21.6,38.98,3122038.8317137365,88515401.50027792,32556.97205588822,2.2929179182124684
CNM,CNM.json,501,501,501,0,False,,2024-08-14,2026-08-13,50.26,46.14,-8.197373656983675,37.22,67.18,2382996.945120944,121049294.13757724,29923.259481037923,2.5434958856402607
CNMD,CNMD.json,501,501,501,0,False,,2024-08-14,2026-08-13,67.04,49.82,-25.686157517899765,31.44,78.19,485115.4444861118,24769876.38248875,9903.546906187625,2.7893264623731486
CNO,CNO.json,501,501,501,0,False,,2024-08-14,2026-08-13,31.62,54.85,73.46616065781151,31.395,57.59,701282.1069658824,28653289.30715901,12409.105788423154,1.652325725276084
CNOB,CNOB.json,501,501,501,0,False,,2024-08-14,2026-08-13,21.96,33.35,51.86703096539163,20.61,34.14,283254.9590435649,7571007.001242548,6260.417165668663,2.0670554814502076
CNP,CNP.json,501,501,501,0,False,,2024-08-14,2026-08-13,25.74,40.48,57.26495726495726,25.41,45.26,5374336.797471032,200016415.74843535,44000.610778443115,1.1004733337128072
CNQ,CNQ.json,501,501,501,0,False,,2024-08-14,2026-08-13,35.94,47.6,32.44296048970507,24.65,51.34,7239292.497485398,264881157.28186515,46852.972055888225,1.9497853983385902
CNX,CNX.json,501,501,501,0,False,,2024-08-14,2026-08-13,26.44,35.38,33.81240544629349,25.88,43.62,2250998.4752070718,75848786.38171224,26750.04391217565,2.0361338355670093
COCO,COCO.json,501,501,501,0,False,,2024-08-14,2026-08-13,25.66,65.21,154.13094310210442,24.09,85.83,861745.9215170279,41423975.00617882,15034.491017964072,3.0572794586966414
COF,COF.json,501,501,501,0,False,,2024-08-14,2026-08-13,134.7,223.83,66.16926503340758,131.55,259.635,4073484.9819701575,802395086.2359424,66657.62275449102,2.27935521460332
COHR,COHR.json,501,501,501,0,False,,2024-08-14,2026-08-13,69.0,327.23,374.24637681159425,45.58,440.0,4457191.601663694,836467970.6871941,76831.27744510978,4.859019648396055
COHU,COHU.json,501,501,501,0,False,,2024-08-14,2026-08-13,25.24,58.34,131.14104595879562,12.57,74.6,689261.4025027225,23104413.970522538,11352.0,3.650666861347945
COIN,COIN.json,501,501,501,0,False,,2024-08-14,2026-08-13,200.9,153.9,-23.394723743155797,139.11,444.645,10623265.62243138,2632116906.2941403,196570.11576846306,4.900643834225283
COKE,COKE.json,501,501,501,0,False,,2024-08-14,2026-08-13,125.4,190.16,51.64274322169058,105.21,219.65,521046.81527033536,75304279.831556,12012.497005988023,2.1571409666115353
COLB,COLB.json,501,501,501,0,False,,2024-08-14,2026-08-13,23.46,32.44,38.27791986359761,19.61,33.675,2648716.447839038,72236649.0484474,28488.59481037924,2.0796455219100234
COLL,COLL.json,501,501,501,0,False,,2024-08-14,2026-08-13,36.79,28.15,-23.484642565914648,23.23,50.7866,434878.8490887784,15434626.487008672,7856.027944111776,2.6293784857607747
COLM,COLM.json,501,501,501,0,False,,2024-08-14,2026-08-13,80.63,57.79,-28.326925461986853,47.47,92.88,641418.6082626607,41956029.99730121,14355.61876247505,2.37752735037868
COMT,COMT.json,501,501,501,0,False,,2024-08-14,2026-08-13,26.34,33.35,26.61351556567959,23.11,36.65,318212.96316753497,9310716.08341533,1246.4730538922156,1.309625942945592
CON,CON.json,501,501,501,0,False,,2024-08-14,2026-08-13,23.03,35.12,52.49674337820232,18.545,35.15,837047.0077018503,19030939.720760573,10862.079840319362,1.935234237392353
COO,COO.json,501,501,501,0,False,,2024-08-14,2026-08-13,91.37,76.6,-16.165043230819755,58.89,112.375,2203933.705894938,170555840.564872,30949.443113772457,2.0215781820084313
COP,COP.json,501,501,501,0,False,,2024-08-14,2026-08-13,108.51,124.52,14.754400516081457,79.88,135.87,7718571.647107725,795084475.0829266,94443.52295409182,2.021824272194272
COR,COR.json,501,501,501,0,False,,2024-08-14,2026-08-13,236.75,310.01,30.94403379091868,218.65,377.54,1503094.0154228024,433002979.11106265,32297.746506986026,1.6816648125471443
CORN,CORN.json,501,501,501,0,False,,2024-08-14,2026-08-13,17.54,17.91,2.109464082098067,16.365,20.69,215825.50395782036,3928960.008535003,1092.7185628742516,0.9935622952693596
CORT,CORT.json,501,501,501,0,False,,2024-08-14,2026-08-13,34.31,110.51,222.09268434858643,28.6601,122.21,1271795.7271412334,78216175.47994469,21283.714570858283,6.511055429655051
CORZ,CORZ.json,501,501,501,0,False,,2024-08-14,2026-08-13,8.94,19.78,121.25279642058166,6.2,30.46,13959391.023300963,216824643.4837705,84736.52095808383,4.987404315760943
COST,COST.json,501,501,501,0,False,,2024-08-14,2026-08-13,864.87,961.85,11.213245921352355,844.06,1096.5,2202806.1888903654,2099170393.7114542,94087.67664670659,1.2996122138746602
COTY,COTY.json,501,501,501,0,False,,2024-08-14,2026-08-13,9.14,2.75,-69.9124726477024,1.82,10.3,7752989.699673513,33223657.626951862,28792.88622754491,3.065921534641427
CP,CP.json,501,501,501,0,False,,2024-08-14,2026-08-13,77.57,93.92,21.077736238236454,66.49,93.98,2847646.675644437,223892037.32233167,33699.427145708585,1.4965562238002055
CPAY,CPAY.json,501,501,501,0,False,,2024-08-14,2026-08-13,284.07,425.24,49.69549758862253,252.84,425.945,541276.9278380899,177902590.94896376,17549.690618762474,2.2767688516203255
CPB,CPB.json,501,501,501,0,False,,2024-08-14,2026-08-13,48.75,23.28,-52.246153846153845,19.555,52.805,5501696.2491793595,162936928.24818045,50242.68463073852,1.8010040774402638
CPER,CPER.json,501,501,501,0,False,,2024-08-14,2026-08-13,25.44,39.85,56.6430817610063,25.1,40.965,479584.2652031477,16463477.863244778,3554.626746506986,1.973845234973231
CPNG,CPNG.json,501,501,501,0,False,,2024-08-14,2026-08-13,22.63,16.29,-28.015908086610697,14.92,34.075,13856671.355741447,309413579.305183,81816.80239520958,2.619418112595848
CPRT,CPRT.json,501,501,501,0,False,,2024-08-14,2026-08-13,50.99,29.39,-42.36124730339282,26.81,64.38,7193108.108975728,306645532.9095486,62961.92015968064,1.710448999885345
CPT,CPT.json,501,501,501,0,False,,2024-08-14,2026-08-13,119.65,110.47,-7.672377768491434,96.53,127.69,1062115.0087676067,118276213.59907377,18196.01996007984,1.3150670729501073
CRCT,CRCT.json,501,501,501,0,False,,2024-08-14,2026-08-13,6.02,5.93,-1.4950166112956742,3.735,7.33,517404.179138485,2739509.007167118,6562.566866267465,3.1405103262005665
CRDO,CRDO.json,501,501,501,0,False,,2024-08-14,2026-08-13,28.89,265.99,820.699203876774,24.08,308.6699,5625686.422832,712639368.9322017,84751.7984031936,6.0738494670523115
CRH,CRH.json,501,501,501,0,False,,2024-08-14,2026-08-13,84.2,97.7,16.033254156769594,76.75,131.55,5103847.632402954,537587179.411694,56008.67065868263,2.027014182136296
CRI,CRI.json,501,501,501,0,False,,2024-08-14,2026-08-13,62.83,39.15,-37.689002069075286,23.3805,71.99,1284982.785203457,51398488.3385159,19661.349301397204,3.2877087297098027
CRK,CRK.json,501,501,501,0,False,,2024-08-14,2026-08-13,10.35,13.58,31.207729468599045,9.09,31.1737,2512962.45862177,45575813.5156416,27769.534930139722,3.614566257653612
CRL,CRL.json,501,501,501,0,False,,2024-08-14,2026-08-13,204.82,281.27,37.32545649838883,91.8609,288.02,981656.0700321398,166720598.4972497,20291.07385229541,3.1532779028627362
CRM,CRM.json,501,501,501,0,False,,2024-08-14,2026-08-13,255.39,201.37,-21.15196366341673,146.32,369.0,9239659.032622175,2160910144.2448726,139439.65069860278,2.3382093828759984
CRNC,CRNC.json,501,501,501,0,False,,2024-08-14,2026-08-13,2.56,8.61,236.32812499999994,2.365,27.5,2276065.654105401,25403873.50951331,20194.28143712575,10.006860174682055
CRNX,CRNX.json,501,501,501,0,False,,2024-08-14,2026-08-13,50.44,84.44,67.40681998413957,24.1,84.71,1395362.8669547027,73317380.80968328,16809.54091816367,5.5336255956105775
CROX,CROX.json,501,501,501,0,False,,2024-08-14,2026-08-13,135.33,132.56,-2.0468484445429813,73.205,151.13,1520686.187354018,152276085.68312606,30033.189620758483,3.364975507555984
CRS,CRS.json,501,501,501,0,False,,2024-08-14,2026-08-13,141.4,535.57,278.76237623762376,129.57,625.985,822273.5249395968,237811201.5477236,20596.828343313373,3.024829617997134
CRSP,CRSP.json,501,501,501,0,False,,2024-08-14,2026-08-13,48.5,53.99,11.319587628865978,30.04,78.48,2060865.332931517,105132159.4391453,33388.66467065868,3.7265774713950637
CRTO,CRTO.json,501,501,501,0,False,,2024-08-14,2026-08-13,47.76,18.21,-61.8718592964824,15.575,49.93,448426.3326433194,12234293.615310395,5810.061876247505,3.2904867585623525
CRUS,CRUS.json,501,501,501,0,False,,2024-08-14,2026-08-13,137.73,121.22,-11.987221375154277,75.83,180.42,620027.8145589281,75465241.30989136,14830.784431137725,2.422519937644185
CRWD,CRWD.json,501,501,501,0,False,,2024-08-14,2026-08-13,62.5,225.53,260.848,60.5625,226.9,13850408.187282799,1500274405.262088,104183.18962075848,2.9732211494605276
CSCO,CSCO.json,501,501,501,0,False,,2024-08-14,2026-08-13,45.14,113.47,151.37350465219316,45.04,130.3656,21352777.660659406,1603932515.459286,161877.55489021956,1.832263122957705
CSGP,CSGP.json,501,501,501,0,False,,2024-08-14,2026-08-13,73.1,33.05,-54.78796169630643,25.894,97.43,4380668.947787635,254415517.8900591,50962.249500998005,2.400010288955627
CSIQ,CSIQ.json,501,501,501,0,False,,2024-08-14,2026-08-13,14.66,15.31,4.43383356070941,6.565,34.59,2503201.311363633,41695903.26240198,22988.828343313373,5.644386812324219
CSTM,CSTM.json,501,501,501,0,False,,2024-08-14,2026-08-13,16.0,29.13,82.0625,7.325,36.99,1619904.2561512773,30895074.87614336,17621.32135728543,3.282443242181051
CSX,CSX.json,501,501,501,0,False,,2024-08-14,2026-08-13,33.19,50.14,51.06959927689063,26.2184,53.6,14167949.513034156,512718438.8639103,85719.2015968064,1.5245990726036498
CTAS,CTAS.json,501,501,501,0,False,,2024-08-14,2026-08-13,189.295,200.7,6.024987453445685,161.16,229.24,1903468.750822563,374309746.17084306,35110.251497005986,1.520422162991979
CTS,CTS.json,501,501,501,0,False,,2024-08-14,2026-08-13,46.63,62.57,34.18400171563371,34.02,69.55,198253.84542464072,9810221.347574316,5080.435129740519,2.1966692537518564
CTVA,CTVA.json,501,501,501,0,False,,2024-08-14,2026-08-13,51.87,75.79,46.1152882205514,51.25,90.97,3858706.1629953356,267172412.43600994,43805.77844311377,1.6383005648602802
CUBE,CUBE.json,501,501,501,0,False,,2024-08-14,2026-08-13,48.71,41.75,-14.288647095052355,34.24,55.14,1860392.1589617785,76675485.53529039,22637.714570858283,1.4668364749701386
CURI,CURI.json,501,501,501,0,False,,2024-08-14,2026-08-13,1.1,3.99,262.7272727272727,1.08,7.15,541946.2464814031,2070778.9597798542,4640.093812375249,5.614906894887861
CVBF,CVBF.json,501,501,501,0,False,,2024-08-14,2026-08-13,16.8,23.16,37.857142857142854,16.01,24.575,1075630.3926653014,21579058.831244912,14684.69261477046,1.8738943182878751
CVCO,CVCO.json,501,501,501,0,False,,2024-08-14,2026-08-13,374.4,607.1,62.15277777777779,372.01,713.005,124053.84261857883,64479039.04834721,7534.233532934131,2.5881492875210412
CVE,CVE.json,501,501,501,0,False,,2024-08-14,2026-08-13,19.25,30.6,58.961038961038966,10.23,32.07,11513733.319574388,208961218.56252414,39817.984031936125,2.3685658560850547
CVLT,CVLT.json,501,501,501,0,False,,2024-08-14,2026-08-13,151.78,151.1,-0.4480168665173312,71.75,200.6846,656783.873813992,89085556.86618015,15979.273453093812,3.469291843476715
CVNA,CVNA.json,501,501,501,0,False,,2024-08-14,2026-08-13,28.904,73.7,154.98200941046224,24.878,97.378,17065577.46574312,1016658878.9599605,81910.36526946108,4.1733684807450695
CVS,CVS.json,501,501,501,0,False,,2024-08-14,2026-08-13,55.88,94.99,69.98926270579813,43.56,110.68,9343069.223453281,652837534.4892349,89979.16966067864,2.1705009681510155
CVX,CVX.json,501,501,501,0,False,,2024-08-14,2026-08-13,144.39,197.7,36.92083939330979,132.04,214.71,9221848.156496977,1502705017.4583008,139085.92015968065,1.5237759876987693
CW,CW.json,501,501,501,0,False,,2024-08-14,2026-08-13,297.0,688.83,131.92929292929296,266.8787,808.16,283785.49071452295,143862933.7034517,12348.852295409182,2.146988565439132
CWEN,CWEN.json,501,501,501,0,False,,2024-08-14,2026-08-13,28.72,34.22,19.15041782729805,24.4,41.74,1003021.284364497,32297116.686575823,15043.265469061877,1.8984511348715618
CWK,CWK.json,501,501,501,0,False,,2024-08-14,2026-08-13,12.69,14.37,13.238770685579194,7.64,17.4,1983181.4495672015,26192492.607789136,17996.017964071856,2.726958419843351
CWST,CWST.json,501,501,501,0,False,,2024-08-14,2026-08-13,103.81,91.03,-12.310952702051825,74.05,121.24,582623.7114090079,57135855.19157107,11725.5249500998,1.9256060677836053
CWT,CWT.json,501,501,501,0,False,,2024-08-14,2026-08-13,52.6,50.19,-4.581749049429662,41.29,56.25,393966.9998557425,18484687.065705523,7959.139720558882,1.4930241789383631
CYRX,CYRX.json,501,501,501,0,False,,2024-08-14,2026-08-13,8.17,15.13,85.18971848225216,4.58,16.8899,548508.3422062894,5243970.97895628,7787.840319361278,5.085689291556717
CYTK,CYTK.json,501,501,501,0,False,,2024-08-14,2026-08-13,55.92,73.45,31.348354792560794,29.31,88.31,1859767.4533120878,104714797.19850592,24956.11776447106,3.4483857335885384
CZR,CZR.json,501,501,501,0,False,,2024-08-14,2026-08-13,35.37,29.66,-16.1436245405711,17.86,45.93,5894936.206209676,165895756.0953411,50013.74051896208,3.0005350667787742
D,D.json,501,501,501,0,False,,2024-08-14,2026-08-13,54.92,68.54,24.79970866715222,48.07,72.99,5272981.602886424,315670652.47503173,56157.616766467065,1.3734975216596814
DAKT,DAKT.json,501,501,501,0,False,,2024-08-14,2026-08-13,15.08,20.45,35.61007957559681,10.24,28.2689,470013.9992673912,8382156.551377395,8339.447105788424,3.0029105514636845
DAL,DAL.json,501,501,501,0,False,,2024-08-14,2026-08-13,39.74,91.31,129.768495218923,34.735,95.68,9237480.154307159,552823792.2460287,95841.59081836327,2.837656715170174
DAN,DAN.json,501,501,501,0,False,,2024-08-14,2026-08-13,10.65,30.33,184.78873239436618,7.58,39.56,1796780.9006831755,34824676.68664767,20067.327345309383,3.0944243177956685
DAR,DAR.json,501,501,501,0,False,,2024-08-14,2026-08-13,40.76,65.74,61.28557409224729,26.0,66.02,2379641.494041509,99954924.697612,29410.481037924153,2.5005393647539753
DASH,DASH.json,501,501,501,0,False,,2024-08-14,2026-08-13,128.19,216.26,68.70270691941649,122.3203,285.5,4343652.295575069,839029162.5650847,71691.21556886227,2.691487379594192
DAVE,DAVE.json,501,501,501,0,False,,2024-08-14,2026-08-13,34.93,333.77,855.5396507300313,31.75,458.25,499603.4080625549,93107864.45687318,14025.267465069861,5.458789494230479
DB,DB.json,501,501,501,0,False,,2024-08-14,2026-08-13,14.77,38.38,159.85104942450917,14.71,40.43,2672216.8262151876,77462778.47100903,19824.9500998004,2.2093143340553105
DBA,DBA.json,501,501,501,0,False,,2024-08-14,2026-08-13,23.53,27.62,17.382065448363782,23.53,28.84,553744.665015513,14895082.387915209,2517.187624750499,0.8279996953400022
DBC,DBC.json,501,501,501,0,False,,2024-08-14,2026-08-13,22.32,29.78,33.42293906810036,19.8443,31.79,975587.1877118164,23806763.508395907,3532.63872255489,1.1841914576812838
DBX,DBX.json,501,501,501,0,False,,2024-08-14,2026-08-13,22.44,35.93,60.11586452762923,21.695,35.97,3619113.0249428083,100130920.77144158,38575.22954091816,2.1420916794142357
DCBO,DCBO.json,501,501,501,0,False,,2024-08-14,2026-08-13,42.13,23.42,-44.41015903156895,14.39,53.86,104634.93442666867,2746025.5896197073,2365.4830339321356,3.0834511749951794
DCI,DCI.json,501,501,501,0,False,,2024-08-14,2026-08-13,72.01,95.71,32.91209554228578,57.45,112.84,640378.3116527525,51647265.79743058,12658.487025948103,1.5742320748122707
DCOM,DCOM.json,501,501,501,0,False,,2024-08-14,2026-08-13,22.36,41.2,84.25760286225403,21.7899,41.97,276757.3675149701,8781163.088148676,6002.666666666667,2.1703503713394734
DD,DD.json,501,501,501,0,False,,2024-08-14,2026-08-13,99.1255,144.1,45.371271771643016,67.4937,157.98,1896572.6466584231,203283910.60508525,40281.95209580838,2.0198864371019796
DDOG,DDOG.json,501,501,501,0,False,,2024-08-14,2026-08-13,114.81,252.24,119.70211654037107,81.63,292.72,5142557.59096431,760297252.0158194,76854.06786427146,3.6012104132332365
DDS,DDS.json,501,501,501,0,False,,2024-08-14,2026-08-13,398.23,613.81,54.13454536323228,282.24,741.975,137299.8278310419,67908897.44067551,8484.035928143712,2.684334431432353
DE,DE.json,501,501,501,0,False,,2024-08-14,2026-08-13,350.0,612.38,74.96571428571428,348.35,674.1899,1351142.0511226787,672764530.1784866,40447.66467065868,1.8821396065915068
DECK,DECK.json,501,501,501,0,False,,2024-08-14,2026-08-13,156.615,93.3,-40.427162149219434,78.91,223.98,2795128.24764891,334184140.4765792,46338.85229540918,3.088539023413688
DELL,DELL.json,501,501,501,0,False,,2024-08-14,2026-08-13,101.06,494.51,389.3231743518702,66.245,514.0,7903170.358888411,1296877368.6207833,111422.66866267465,3.925346705515694
DEO,DEO.json,501,501,501,0,False,,2024-08-14,2026-08-13,126.07,95.01,-24.63710636947727,72.45,142.73,1292648.314795485,128329637.24979003,20424.566866267465,1.8822338420014215
DFH,DFH.json,501,501,501,0,False,,2024-08-14,2026-08-13,28.92,14.84,-48.68603042876902,12.2,39.1499,520761.40861147497,11376457.426717762,9121.70259481038,3.5676866170718253
DFIN,DFIN.json,501,501,501,0,False,,2024-08-14,2026-08-13,63.82,49.62,-22.250078345346292,36.11,70.55,265421.98679412773,13505722.385259757,6499.646706586826,2.85951921635618
DG,DG.json,501,501,501,0,False,,2024-08-14,2026-08-13,116.56,122.08,4.73575840768703,66.43,158.23,3701814.0141126704,377929467.95430064,53533.19760479042,2.682897027460957
DGII,DGII.json,501,501,501,0,False,,2024-08-14,2026-08-13,27.8,85.14,206.25899280575538,22.39,86.84,245917.00526207185,10906435.633880703,5919.463073852296,2.6164984728523395
DGRO,DGRO.json,501,501,501,0,False,,2024-08-14,2026-08-13,59.42,80.0,34.63480309660048,54.09,80.285,1833675.2338653891,122698268.77986981,14812.704590818363,0.7969442813430211
DGRW,DGRW.json,501,501,501,0,False,,2024-08-14,2026-08-13,78.92,100.32,27.116066903193104,69.84,100.59,719186.6413432236,62636743.710511304,7103.303393213573,0.8515471748031019
DGX,DGX.json,501,501,501,0,False,,2024-08-14,2026-08-13,150.47,236.04,56.86847876653154,146.17,240.13,990602.9743110839,177690279.98738894,21273.47904191617,1.45447517579331
DHI,DHI.json,501,501,501,0,False,,2024-08-14,2026-08-13,176.52,149.88,-15.091774303195116,110.44,199.85,3109499.7673890656,461569774.2177146,51039.65269461078,2.2846617743319175
DHR,DHR.json,501,501,501,0,False,,2024-08-14,2026-08-13,268.48,203.89,-24.057657926102515,160.93,279.9,3978206.0424883333,828450467.7090245,58103.760479041914,1.9333510740300146
DIA,DIA.json,501,501,501,0,False,,2024-08-14,2026-08-13,397.74,537.91,35.24161512545882,366.32,546.75,4461363.643486836,2066515191.872174,73989.49301397205,0.941599627179702
DIN,DIN.json,501,501,501,0,False,,2024-08-14,2026-08-13,31.0,34.75,12.096774193548377,18.63,39.68,511175.389263489,14430817.571495198,9243.864271457085,3.067493625191279
DINO,DINO.json,501,501,501,0,False,,2024-08-14,2026-08-13,46.52,91.87,97.48495270851248,24.66,94.22,2601632.866419503,127482306.97528674,33258.840319361276,2.4321869166711743
DIS,DIS.json,501,501,501,0,False,,2024-08-14,2026-08-13,86.01,104.8,21.846296942216004,80.1,124.69,9872545.104118928,1039793198.3783921,118171.10778443114,1.7539316022558569
DKNG,DKNG.json,501,501,501,0,False,,2024-08-14,2026-08-13,33.31,25.42,-23.6865806064245,20.46,53.61,11813453.395461582,394516700.4605574,101259.70658682635,3.078884932297097
DKS,DKS.json,501,501,501,0,False,,2024-08-14,2026-08-13,216.23,202.26,-6.460713129537988,166.37,254.595,1332331.3698432713,279712437.3821495,28439.98003992016,2.5269758682890497
DLB,DLB.json,501,501,501,0,False,,2024-08-14,2026-08-13,69.59,62.37,-10.375053887052744,48.26,89.66,578834.9065811317,38914238.779792815,12635.802395209581,1.8076275659277583
DLO,DLO.json,501,501,501,0,False,,2024-08-14,2026-08-13,7.89,14.76,87.07224334600761,7.61,16.78,1724081.537752447,21458125.00357991,16158.652694610779,3.502891039761666
DLR,DLR.json,501,501,501,0,False,,2024-08-14,2026-08-13,149.85,197.58,31.851851851851865,129.95,208.14,2084047.2351476087,357907709.5423606,34146.616766467065,1.7193588708594985
DLTR,DLTR.json,501,501,501,0,False,,2024-08-14,2026-08-13,92.98,129.53,39.309528930952894,60.49,142.4,3968500.4107061457,367809900.8753199,55968.86027944112,2.875871723620018
DNLI,DNLI.json,501,501,501,0,False,,2024-08-14,2026-08-13,23.05,24.82,7.678958785249446,10.57,33.33,1487897.0727503633,28036555.126810722,18327.081836327347,3.7934641827519338
DNOW,DNOW.json,501,501,501,0,False,,2024-08-14,2026-08-13,12.64,16.31,29.034810126582265,10.935,18.4494,1790044.9478305709,24678321.3978768,18079.241516966067,2.6771684247107137
DOC,DOC.json,501,501,501,0,False,,2024-08-14,2026-08-13,21.97,20.81,-5.279927173418297,15.7,23.26,6916860.303488556,129985001.66602314,38076.03393213573,1.6701596806763863
DOCN,DOCN.json,501,501,501,0,False,,2024-08-14,2026-08-13,36.0,132.29,267.4722222222222,25.45,187.5,2376881.0847698506,167180455.2096394,33391.90219560878,4.676208217105351
DOCS,DOCS.json,501,501,501,0,False,,2024-08-14,2026-08-13,35.71,26.59,-25.539064687762536,17.15,85.21,2757103.7124749282,115401437.6755877,34832.477045908185,4.129874975060691
DOCU,DOCU.json,501,501,501,0,False,,2024-08-14,2026-08-13,53.91,64.09,18.883324058616235,40.16,107.8599,3333954.3616401777,221010428.82543397,47555.21357285429,3.2122008357859
DOLE,DOLE.json,501,501,501,0,False,,2024-08-14,2026-08-13,14.35,13.36,-6.898954703832749,12.2036,17.12,788703.732222966,11373361.83951633,9862.768463073853,1.6869019715034919
DOMO,DOMO.json,501,501,501,0,False,,2024-08-14,2026-08-13,7.62,3.98,-47.76902887139107,1.84,18.4892,946571.8824516148,6535778.849629888,10286.171656686627,5.4205442200239045
DORM,DORM.json,501,501,501,0,False,,2024-08-14,2026-08-13,105.85,133.08,25.725082664147394,98.445,166.89,220997.23495751497,28157765.42746073,6713.512974051896,2.2028562711369934
DOV,DOV.json,501,501,501,0,False,,2024-08-14,2026-08-13,176.49,206.66,17.09445294350953,143.04,237.54,1046714.7961833313,202442923.31998265,22508.880239520957,1.6693831621294835
DOW,DOW.json,501,501,501,0,False,,2024-08-14,2026-08-13,52.84,30.36,-42.5435276305829,20.4019,55.67,10864114.319957402,343550395.70048755,85191.07185628742,2.784839123778667
DOX,DOX.json,501,501,501,0,False,,2024-08-14,2026-08-13,82.79,58.66,-29.146032129484244,49.74,95.4099,936202.4962907964,71192573.96295089,16575.670658682633,1.5523530175807414
DPZ,DPZ.json,501,501,501,0,False,,2024-08-14,2026-08-13,444.62,350.88,-21.08317214700194,282.0,500.55,717741.4659463872,292546099.7462331,24913.225548902195,1.7896540175355593
DRI,DRI.json,501,501,501,0,False,,2024-08-14,2026-08-13,143.44,223.5,55.81427774679308,140.5,229.7625,1348648.6420323693,260795913.99566644,28851.864271457085,1.793805174897887
DRIV,DRIV.json,501,501,501,0,False,,2024-08-14,2026-08-13,21.54,35.7577,66.00603528319407,17.4462,42.76,70230.95121123953,1914037.6652812648,856.1736526946107,1.7846686186014638
DSGN,DSGN.json,501,501,501,0,False,,2024-08-14,2026-08-13,4.46,14.39,222.64573991031392,2.6,17.25,323479.4179518882,3088411.427562975,4263.325349301397,5.307461063750154
DT,DT.json,501,501,501,0,False,,2024-08-14,2026-08-13,47.52,50.75,6.7971380471380405,31.635,63.0,4079186.9663104513,185686445.05404267,46701.13373253493,2.324016338667489
DTE,DTE.json,501,501,501,0,False,,2024-08-14,2026-08-13,120.95,139.53,15.361719718892108,115.59,155.745,1354793.6150841177,182942686.3697019,23114.121756487028,1.097747001307518
DUK,DUK.json,501,501,501,0,False,,2024-08-14,2026-08-13,113.38,124.49,9.798906332686542,105.2,134.49,3560036.1421279563,428235403.09770167,52640.70259481038,1.0657746656568738
DUOL,DUOL.json,501,501,501,0,False,,2024-08-14,2026-08-13,193.55,144.1,-25.548953758718685,87.89,544.93,1384007.5229442096,309369515.41671675,38097.64471057884,3.8773958419712575
DVA,DVA.json,501,501,501,0,False,,2024-08-14,2026-08-13,146.29,179.17,22.47590402624924,101.0,247.49,871609.7123271099,132187553.70238324,19748.810379241517,2.4805793635322244
DVN,DVN.json,501,501,501,0,False,,2024-08-14,2026-08-13,44.8,44.39,-0.9151785714285654,25.89,52.71,10105155.521138271,395514221.58622783,86939.8383233533,2.385963308275596
DXCM,DXCM.json,501,501,501,0,False,,2024-08-14,2026-08-13,70.4,91.48,29.943181818181806,54.11,93.25,4716928.628321809,340395034.7815896,59664.209580838324,2.6402211575172023
EAT,EAT.json,501,501,501,0,False,,2024-08-14,2026-08-13,60.6,238.61,293.7458745874588,58.85,253.7095,1359250.904749058,191832573.32433125,26211.958083832335,3.138780869391404
EBAY,EBAY.json,501,501,501,0,False,,2024-08-14,2026-08-13,55.89,104.58,87.11755233494362,54.8,119.31,5166036.714028187,424687085.57424605,64708.80439121756,2.1904165707368133
EBC,EBC.json,501,501,501,0,False,,2024-08-14,2026-08-13,15.1,23.52,55.76158940397351,13.51,23.75,1882749.6047950697,35077292.797420435,19063.704590818365,1.9486144229852658
EC,EC.json,501,501,501,0,False,,2024-08-14,2026-08-13,10.26,17.21,67.73879142300197,7.21,17.75,2573569.044117128,27944411.094305824,13528.367265469062,2.4309655545849367
ECH,ECH.json,501,501,501,0,False,,2024-08-14,2026-08-13,25.79,40.04,55.253974408685536,24.43,47.845,521113.613551014,18985980.736992933,3616.5349301397205,1.46669932583504
ECL,ECL.json,501,501,501,0,False,,2024-08-14,2026-08-13,241.0,276.26,14.63070539419087,221.62,309.27,1314544.4847808522,345764764.16672844,29861.279441117764,1.2924855165824147
ECPG,ECPG.json,501,501,501,0,False,,2024-08-14,2026-08-13,47.83,101.29,111.7708551118545,26.45,101.795,263029.63893813174,14513333.133544736,6232.814371257485,2.765932780097406
ED,ED.json,501,501,501,0,False,,2024-08-14,2026-08-13,100.31,108.39,8.055029408832626,87.28,116.23,2329354.7968965727,240517601.34249216,34069.80838323353,1.1725796723131052
EDIT,EDIT.json,501,501,501,0,False,,2024-08-14,2026-08-13,4.03,2.81,-30.272952853598024,0.9101,4.5372,2394991.686280613,6024489.526462745,10915.053892215568,7.132835013996646
EDV,EDV.json,501,501,501,0,False,,2024-08-14,2026-08-13,78.92,60.02,-23.948302078053718,59.1,83.97,1090001.8778553633,73608255.25987224,8735.888223552894,1.08031340327613
EEFT,EEFT.json,501,501,501,0,False,,2024-08-14,2026-08-13,100.72,74.23,-26.30063542494042,62.5,114.25,576260.7368266407,48890424.12989667,13071.734530938123,2.162262037300891
EEM,EEM.json,501,501,501,0,False,,2024-08-14,2026-08-13,42.61,66.68,56.48908706876321,38.19,71.57,28993973.973504003,1521699308.3982713,55134.117764471055,1.3801260986049533
EFA,EFA.json,501,501,501,0,False,,2024-08-14,2026-08-13,78.79,108.69,37.948978296738154,72.145,108.89,15127264.222803306,1385478880.897441,51561.694610778446,1.0452619784006218
EFC,EFC.json,501,501,501,0,False,,2024-08-14,2026-08-13,12.82,13.68,6.708268330733236,11.12,14.4,1265940.0854563094,16504411.41293189,10999.10379241517,1.2085629281682302
EFX,EFX.json,501,501,501,0,False,,2024-08-14,2026-08-13,292.17,185.58,-36.48218502926378,150.745,309.63,1298411.0185063514,286728816.4606497,28035.766467065867,2.2945297881930222
EG,EG.json,501,501,501,0,False,,2024-08-14,2026-08-13,363.11,366.05,0.8096720002203073,302.44,407.3,388215.6693525529,135296820.61582705,14029.978043912175,1.560071215040521
EHTH,EHTH.json,501,501,501,0,False,,2024-08-14,2026-08-13,4.06,1.21,-70.19704433497537,1.1972,11.36,389204.3471981557,1495236.4693617073,3978.379241516966,5.846905094830019
EIDO,EIDO.json,501,501,501,0,False,,2024-08-14,2026-08-13,21.25,12.48,-41.27058823529411,10.72,23.615,758708.45987698,12404918.71457362,3854.5309381237525,1.5944466138113094
EIS,EIS.json,501,501,501,0,False,,2024-08-14,2026-08-13,63.05,124.485,97.43854084060271,62.73,138.85,72393.73699465269,7656503.267275872,988.6686626746507,1.4188279910650352
EIX,EIX.json,501,501,501,0,False,,2024-08-14,2026-08-13,82.99,70.68,-14.833112423183504,47.73,88.77,3293379.9620793094,208022102.26873234,41387.427145708585,1.8735287235600462
EL,EL.json,501,501,501,0,False,,2024-08-14,2026-08-13,91.15,87.32,-4.2018650575973755,48.3701,121.635,4059360.7810987104,336583224.9803774,55217.792415169664,3.098875906498739
ELAN,ELAN.json,501,501,501,0,False,,2024-08-14,2026-08-13,13.94,22.51,61.477761836441914,8.02,27.98,5553306.638554116,99880359.45468856,38420.84830339321,2.9820473611430436
ELF,ELF.json,501,501,501,0,False,,2024-08-14,2026-08-13,147.83,92.05,-37.732530609483874,48.82,172.49,2565898.525965413,231529274.54346332,45031.15169660679,4.28163155944827
ELV,ELV.json,501,501,501,0,False,,2024-08-14,2026-08-13,531.25,398.22,-25.04094117647059,273.71,567.26,1783538.1898304212,658694031.9619813,41615.89620758483,2.2479343253565585
EMB,EMB.json,501,501,501,0,False,,2024-08-14,2026-08-13,91.06,95.36,4.7221612123874435,84.78,97.8,6929360.568938252,648550064.4955689,25584.59281437126,0.42520526306379586
EME,EME.json,501,501,501,0,False,,2024-08-14,2026-08-13,364.44,831.23,128.08418395346285,320.885,951.96,446448.2148982356,262799349.16325533,17773.115768463074,2.69105633851864
EMN,EMN.json,501,501,501,0,False,,2024-08-14,2026-08-13,95.91,73.77,-23.084141382546143,56.11,114.5,1478627.4976235628,112625356.3000317,23991.01996007984,2.26083916842851
EMR,EMR.json,501,501,501,0,False,,2024-08-14,2026-08-13,102.5,164.21,60.2048780487805,90.0553,166.35,3008078.7898386843,389892872.4107521,46708.49301397205,1.9671821907154508
ENB,ENB.json,501,501,501,0,False,,2024-08-14,2026-08-13,39.5,51.29,29.84810126582278,38.44,58.45,4106004.7898565154,195179485.0398352,32918.161676646705,1.1109730011213785
ENOV,ENOV.json,501,501,501,0,False,,2024-08-14,2026-08-13,43.71,25.66,-41.29489819263327,19.14,49.83,991689.9708942515,31263048.881995767,14764.499001996008,3.3555877917074426
ENPH,ENPH.json,501,501,501,0,False,,2024-08-14,2026-08-13,113.07,40.78,-63.9338462899089,25.775,130.08,6308532.4690622315,298973748.11935836,73415.35129740518,4.928948040899929
ENS,ENS.json,501,501,501,0,False,,2024-08-14,2026-08-13,96.19,197.38,105.19804553487889,76.57,244.3,388550.99138275045,53659377.5911901,10558.46506986028,2.3771471708243572
ENSG,ENSG.json,501,501,501,0,False,,2024-08-14,2026-08-13,142.25,181.88,27.859402460456927,118.73,218.0,473323.03341677244,75785387.71742666,11235.842315369262,1.722767804252202
ENTG,ENTG.json,501,501,501,0,False,,2024-08-14,2026-08-13,109.52,163.81,49.57085463842221,60.7501,186.94,2832560.6480491175,296101428.88647634,40131.467065868266,3.9308103835487893
ENVA,ENVA.json,501,501,501,0,False,,2024-08-14,2026-08-13,80.64,261.92,224.8015873015873,72.87,265.54,271573.2736208922,36417757.061459,7636.387225548902,2.4944750097808073
EOG,EOG.json,501,501,501,0,False,,2024-08-14,2026-08-13,126.61,141.41,11.689440012637231,101.5936,151.87,3738991.948993876,458429613.2093021,56204.12574850299,1.8192808738471826
EPAM,EPAM.json,501,501,501,0,False,,2024-08-14,2026-08-13,197.68,101.55,-48.62909753136382,73.055,269.0,999849.7622660998,154408106.79144925,20861.704590818365,2.9254701179924663
EPD,EPD.json,501,501,501,0,False,,2024-08-14,2026-08-13,28.4,38.02,33.87323943661973,27.77,40.165,4170692.2049015467,137846240.5376147,26952.10978043912,1.1432069969499536
EPHE,EPHE.json,501,501,501,0,False,,2024-08-14,2026-08-13,26.09,25.67,-1.609812188577997,23.08,30.0,104772.39132767664,2689864.3586660544,908.187624750499,1.2224974214496847
EPOL,EPOL.json,501,501,501,0,False,,2024-08-14,2026-08-13,23.72,43.96,85.32883642495786,20.7101,44.75,397039.16115247307,12988990.941182218,3185.0758483033933,1.68018602083124
EPR,EPR.json,501,501,501,0,False,,2024-08-14,2026-08-13,44.09,61.7,39.941029711952815,41.75,64.97,730126.1027175828,38834706.356160104,12995.536926147704,1.4213253204259884
EPU,EPU.json,501,501,501,0,False,,2024-08-14,2026-08-13,39.5206,88.08,122.87111025642324,38.392,95.28,58228.125875049904,4105175.451318742,573.2794411177645,1.7466712829550484
EQH,EQH.json,501,501,501,0,False,,2024-08-14,2026-08-13,38.99,52.8,35.41933829186969,35.195,56.61,2987645.243078559,140248695.55721205,33291.45508982036,2.189768622050874
EQIX,EQIX.json,501,501,501,0,False,,2024-08-14,2026-08-13,831.75,1073.78,29.09888788698527,701.41,1128.68,568754.0981478085,507076015.8490766,21558.582834331337,1.6146746888028474
EQR,EQR.json,501,501,501,0,False,,2024-08-14,2026-08-13,71.24,65.97,-7.397529477821441,57.57,78.835,2202494.3891274272,146143607.10309815,28779.54890219561,1.3805752475100044
EQT,EQT.json,501,501,501,0,False,,2024-08-14,2026-08-13,31.55,54.08,71.41045958795561,30.8825,68.24,8036653.851421142,417099177.5312104,80652.48303393213,2.2066662755031063
ERAS,ERAS.json,501,501,501,0,False,,2024-08-14,2026-08-13,2.59,17.86,589.5752895752896,1.01,24.28,3032024.142777862,28340971.681776926,20338.610778443115,5.947801285397122
ERIC,ERIC.json,501,501,501,0,False,,2024-08-14,2026-08-13,6.86,10.27,49.70845481049562,6.64,13.77,15457562.654243032,136908752.96994075,27951.70259481038,2.284470864346761
ES,ES.json,501,501,501,0,False,,2024-08-14,2026-08-13,65.35,72.22,10.512624330527931,52.28,76.57,2555086.374426571,168710036.8235971,33227.97005988024,1.5362455850956758
ESAB,ESAB.json,501,501,501,0,False,,2024-08-14,2026-08-13,95.97,85.12,-11.305616338439094,82.185,137.42,431728.85127727344,47410657.46180271,9715.049900199601,2.6242720654335985
ESNT,ESNT.json,501,501,501,0,False,,2024-08-14,2026-08-13,59.37,69.28,16.691931952164406,51.61,70.0,693461.9775048782,41419273.79022719,12700.61876247505,1.4844900892337562
ESS,ESS.json,501,501,501,0,False,,2024-08-14,2026-08-13,284.58,287.39,0.9874200576287961,238.46,317.73,463735.40631371055,127503509.79909231,13215.764471057884,1.4348804654191423
ESTC,ESTC.json,501,501,501,0,False,,2024-08-14,2026-08-13,107.31,86.03,-19.830397912589692,42.05,118.84,1785476.235300952,138678887.33015987,28266.421157684632,3.4512942160605324
ET,ET.json,501,501,501,0,False,,2024-08-14,2026-08-13,15.63,20.76,32.82149712092131,14.6,21.45,14248527.957169088,256680691.64137942,41650.08183632734,1.4266241056361995
ETN,ETN.json,501,501,501,0,False,,2024-08-14,2026-08-13,296.01,453.33,53.14685314685315,231.85,478.0,2605913.552426732,902834733.5205178,62225.83632734531,2.329861527812992
ETSY,ETSY.json,501,501,501,0,False,,2024-08-14,2026-08-13,53.74,80.67,50.11164867882396,40.05,87.9736,4191789.9255572176,240936763.20372477,54480.149700598806,3.1242447443928927
EVGO,EVGO.json,501,501,501,0,False,,2024-08-14,2026-08-13,3.71,1.65,-55.525606469002696,1.41,9.07,4824645.572263848,19001531.684330124,22785.159680638724,5.265721766576973
EVR,EVR.json,501,501,501,0,False,,2024-08-14,2026-08-13,235.48,312.43,32.677934431798896,148.63,388.71,493967.4582495209,140580004.08081344,14758.027944111776,2.6259874216909234
EVRG,EVRG.json,501,501,501,0,False,,2024-08-14,2026-08-13,58.44,83.49,42.86447638603696,57.82,88.62,2109879.218610956,151901472.98207194,30647.159680638724,1.0229826066581875
EVTC,EVTC.json,501,501,501,0,False,,2024-08-14,2026-08-13,32.99,31.98,-3.0615337981206525,21.81,38.56,408852.8673039102,12668992.714877157,7422.069860279441,2.2562350077478874
EW,EW.json,501,501,501,0,False,,2024-08-14,2026-08-13,66.45,92.56,39.29270127915725,64.005,96.29,4779456.025977317,368267010.39148927,53684.80239520958,1.5834129062243536
EWBC,EWBC.json,501,501,501,0,False,,2024-08-14,2026-08-13,78.21,135.96,73.83966244725741,68.27,136.3547,930380.8871418064,96748960.73977932,18168.383233532935,1.9418543840601272
EWC,EWC.json,501,501,501,0,False,,2024-08-14,2026-08-13,38.41,62.1,61.67664670658684,36.7,62.1,2264627.4143895707,108869150.64059865,11105.914171656686,0.9583981158529885
EWG,EWG.json,501,501,501,0,False,,2024-08-14,2026-08-13,30.7,43.96,43.19218241042346,30.595,44.65,1950215.5197477264,77861028.62863286,9730.912175648702,1.2003245721252989
EWH,EWH.json,501,501,501,0,False,,2024-08-14,2026-08-13,15.54,22.5,44.78764478764479,15.035,24.66,3484060.127535747,71172886.34148048,9051.960079840319,1.3136483549525635
EWI,EWI.json,501,501,501,0,False,,2024-08-14,2026-08-13,36.41,63.29,73.8258720131832,35.2,63.76,439889.03615800396,21468502.62053507,4033.1556886227545,1.2382566373544834
EWJ,EWJ.json,501,501,501,0,False,,2024-08-14,2026-08-13,67.51,98.47,45.85987261146496,59.84,98.785,5993135.952032691,477061909.07034177,38427.794411177645,1.3261033570375473
EWM,EWM.json,501,501,501,0,False,,2024-08-14,2026-08-13,24.33,28.16,15.741882449650646,20.802,30.635,316792.2673660718,8268466.12871096,2390.1516966067866,0.9655678937441476
EWP,EWP.json,501,501,501,0,False,,2024-08-14,2026-08-13,31.85,62.67,96.76609105180533,30.54,63.08,481929.3216971876,22623205.067263234,3754.2215568862275,1.272936317274313
EWQ,EWQ.json,501,501,501,0,False,,2024-08-14,2026-08-13,38.1,47.37,24.33070866141731,35.22,48.39,384604.3750541437,16152650.482621426,3920.265469061876,1.1680355246684542
EWS,EWS.json,501,501,501,0,False,,2024-08-14,2026-08-13,19.5,33.48,71.69230769230768,19.485,34.035,747693.7302143374,19943862.62355027,4526.1816367265465,1.1172710344206191
EWT,EWT.json,501,501,501,0,False,,2024-08-14,2026-08-13,52.97,107.5,102.94506324334529,39.44,112.78,4202614.848683998,292675211.0900434,33686.11976047904,1.8344997889921388
EWU,EWU.json,501,501,501,0,False,,2024-08-14,2026-08-13,35.97,48.26,34.16736169029746,32.76,48.9199,1716658.3148201096,71245212.65344419,8173.493013972055,0.9886762577815388
EWY,EWY.json,501,501,501,0,False,,2024-08-14,2026-08-13,63.58,178.62,180.9374016986474,48.49,220.89,9279617.379247012,1194294031.6499715,100772.86027944111,2.73088318526794
EWZ,EWZ.json,501,501,501,0,False,,2024-08-14,2026-08-13,29.98,33.77,12.641761174116084,22.26,42.02,26158502.965669394,816268413.69219,49749.10778443114,1.59264268786596
EXC,EXC.json,501,501,501,0,False,,2024-08-14,2026-08-13,37.01,45.6,23.209943258578768,35.94,50.65,7474283.758778868,329373796.1679278,61238.13173652695,1.20889990588875
EXEL,EXEL.json,501,501,501,0,False,,2024-08-14,2026-08-13,26.7,50.61,89.5505617977528,25.12,57.57,2678493.447958926,109200533.05004726,32922.39121756487,2.5473203631044345
EXLS,EXLS.json,501,501,501,0,False,,2024-08-14,2026-08-13,34.97,35.37,1.1438375750643326,24.85,52.43,1652471.320302952,62617197.0845691,23110.315369261476,2.2227769941217446
EXP,EXP.json,501,501,501,0,False,,2024-08-14,2026-08-13,247.92,208.82,-15.77121652145853,171.99,321.93,396271.9760064232,89793694.06592532,11788.992015968064,2.1655864203113757
EXPD,EXPD.json,501,501,501,0,False,,2024-08-14,2026-08-13,119.38,187.05,56.68453677332887,100.47,187.735,1285018.862273569,170256262.73153526,23781.439121756488,1.8028813723049086
EXPE,EXPE.json,501,501,501,0,False,,2024-08-14,2026-08-13,131.02,328.31,150.58006411234922,126.46,331.31,1926460.9569142794,399629219.2858464,37778.83632734531,2.8648843090879414
EXPO,EXPO.json,501,501,501,0,False,,2024-08-14,2026-08-13,103.23,68.21,-33.924246827472636,51.91,115.75,380032.64327382436,28049514.110000417,8939.814371257486,1.8246228535963163
EXR,EXR.json,501,501,501,0,False,,2024-08-14,2026-08-13,165.98,149.4,-9.989155319918053,121.03,184.87,1151049.4886273413,169703497.995806,20490.377245508982,1.5665687748724966
EZPW,EZPW.json,501,501,501,0,False,,2024-08-14,2026-08-13,11.69,28.65,145.08126603934986,10.56,37.125,856427.8630030858,16829054.41763269,10629.646706586826,2.165281759293253
F,F.json,501,501,501,0,False,,2024-08-14,2026-08-13,10.16,13.89,36.71259842519685,8.4406,17.78,74117936.16248818,856905790.2786027,141419.17964071856,2.1988218179192964
FAF,FAF.json,501,501,501,0,False,,2024-08-14,2026-08-13,61.04,74.06,21.3302752293578,53.09,79.8699,832916.9191978204,53012501.034299985,15095.151696606787,1.7492665316437055
FAST,FAST.json,501,501,501,0,False,,2024-08-14,2026-08-13,33.255,51.34,54.382799579010666,32.043,52.915,6792422.14982345,289267465.01535743,59196.17764471058,1.6036865210443987
FBIN,FBIN.json,501,501,501,0,False,,2024-08-14,2026-08-13,74.48,48.43,-34.975832438238456,32.34,90.535,1974844.1159434952,107595222.60137248,26328.363273453095,2.681798504093711
FBIZ,FBIZ.json,501,501,501,0,False,,2024-08-14,2026-08-13,40.38,71.83,77.88509162951955,39.905,73.48,34973.99028586627,1873378.15743925,1456.9161676646706,1.868033164709999
FBK,FBK.json,501,501,501,0,False,,2024-08-14,2026-08-13,43.27,62.08,43.47122717818348,38.83,62.655,285204.7638923493,14961068.894023882,6214.552894211577,1.9429464962864547
FCEL,FCEL.json,501,501,501,0,False,,2024-08-14,2026-08-13,13.8,20.34,47.39130434782608,3.5768,37.88,3486387.736790579,51334696.45451912,29376.56487025948,7.722071413547749
FCFS,FCFS.json,501,501,501,0,False,,2024-08-14,2026-08-13,118.2,210.82,78.35871404399322,100.24,235.97,309498.9321776627,48628841.20158963,8827.347305389221,1.7749611821881444
FCNCA,FCNCA.json,501,501,501,0,False,,2024-08-14,2026-08-13,2007.0,2268.09,13.008968609865468,1473.62,2412.9292,96081.2114651497,188273476.12894195,8752.982035928144,2.1310987532960866
FCX,FCX.json,501,501,501,0,False,,2024-08-14,2026-08-13,42.17,66.83,58.47759070429215,27.66,72.275,15617937.91283792,753219609.2629149,130833.92415169661,3.0055249482578406
FDN,FDN.json,501,501,501,0,False,,2024-08-14,2026-08-13,194.21,295.25,52.026157252458674,191.37,295.57,462277.5412043153,117049418.40895684,6847.966067864271,1.4317874212991883
FDS,FDS.json,501,501,501,0,False,,2024-08-14,2026-08-13,401.06,287.18,-28.394753902159277,185.0,499.87,599705.5214827984,181939232.2763522,18709.457085828344,2.2884290286189746
FDX,FDX.json,501,501,501,0,False,,2024-08-14,2026-08-13,283.31,339.35,19.780452507853585,194.295,413.87,1868021.0421318223,522093452.51315963,41313.81437125748,2.1683861183841047
FE,FE.json,501,501,501,0,False,,2024-08-14,2026-08-13,42.2,46.84,10.99526066350711,37.58,52.34,4363426.04141524,192985378.832638,41297.45908183633,1.1468292487403615
FELE,FELE.json,501,501,501,0,False,,2024-08-14,2026-08-13,98.8,105.94,7.226720647773277,78.87,115.815,260548.14977671654,25422882.001742724,7015.193612774451,1.7357287093292455
FERG,FERG.json,501,501,501,0,False,,2024-08-14,2026-08-13,203.24,248.12,22.0822672702224,146.0,271.64,1712326.0093039023,369056169.5157048,27737.82035928144,2.076893789875363
FFBC,FFBC.json,501,501,501,0,False,,2024-08-14,2026-08-13,24.35,34.34,41.02669404517454,21.1,36.245,612638.9974557704,17101966.643817488,10397.391217564871,1.8298809315613895
FFIN,FFIN.json,501,501,501,0,False,,2024-08-14,2026-08-13,34.8,35.13,0.9482758620689813,28.115,44.66,634031.4783923733,21685769.77694356,11829.732534930139,1.7694759676798584
FFIV,FFIV.json,501,501,501,0,False,,2024-08-14,2026-08-13,191.24,416.0,117.52771386739175,190.94,435.0,693746.7417069102,199291608.4788788,20222.986027944113,2.0199122343036544
FHN,FHN.json,501,501,501,0,False,,2024-08-14,2026-08-13,15.18,26.02,71.40974967061923,14.825,26.56,6817601.405759114,146298394.10724512,40885.00998003992,1.9606539472699884
FICO,FICO.json,501,501,501,0,False,,2024-08-14,2026-08-13,1777.0,1110.7,-37.495779403489024,870.01,2402.515,271857.30988469464,418619758.39977,20945.566866267465,3.0325103026156164
FIP,FIP.json,501,501,501,0,False,,2024-08-14,2026-08-13,9.08,4.66,-48.6784140969163,3.055,9.99,1378808.3182057345,8033880.721125538,12505.349301397206,4.26890596656548
FIS,FIS.json,501,501,501,0,False,,2024-08-14,2026-08-13,78.34,44.13,-43.66862394689813,37.42,91.98,4262858.60856464,266533662.7607757,50696.54091816367,1.9014861672614582
FITB,FITB.json,501,501,501,0,False,,2024-08-14,2026-08-13,39.4,57.94,47.055837563451774,32.25,59.5,6345082.668758383,292674822.0956108,62373.80838323353,1.7073385098256906
FIVE,FIVE.json,501,501,501,0,False,,2024-08-14,2026-08-13,68.69,241.71,251.8852817003931,52.38,251.63,1573357.3853771538,204525692.64168775,29588.41117764471,3.295217110961015
FIX,FIX.json,501,501,501,0,False,,2024-08-14,2026-08-13,328.46,1727.64,425.98185471594724,276.44,2073.9883,442620.7563096447,397097103.5980986,21705.892215568863,3.569703585465804
FLNC,FLNC.json,501,501,501,0,False,,2024-08-14,2026-08-13,17.2,13.22,-23.139534883720923,3.46,33.51,5862748.290670313,89660879.0851643,54448.07385229541,7.084605308093452
FLOT,FLOT.json,501,501,501,0,False,,2024-08-14,2026-08-13,50.85,50.95,0.1966568338249708,49.75,51.34,1589267.7893247404,80908670.2152302,4756.399201596806,0.13034873348448764
FLR,FLR.json,501,501,501,0,False,,2024-08-14,2026-08-13,48.48,52.33,7.941419141914197,29.2,60.1,2993962.247386325,137379856.922864,36195.748502994014,3.2565277374501393
FMC,FMC.json,501,501,501,0,False,,2024-08-14,2026-08-13,61.34,10.16,-83.43658298011086,9.945,67.75,2990342.6517771757,76912949.72074029,32002.4750499002,3.9879873267567914
FMX,FMX.json,501,501,501,0,False,,2024-08-14,2026-08-13,111.41,116.51,4.577686024593852,81.075,141.47,575261.332388455,58271644.24369819,10237.602794411177,1.5977436462504744
FNB,FNB.json,501,501,501,0,False,,2024-08-14,2026-08-13,13.7,19.33,41.0948905109489,10.88,19.59,5066533.831426119,82570378.75794302,25513.666666666668,1.8831478384594411
FND,FND.json,501,501,501,0,False,,2024-08-14,2026-08-13,104.53,58.9,-43.652539940686886,42.64,124.68,2211738.952397557,161900644.57427654,33301.35129740519,2.9509723229713223
FNV,FNV.json,501,501,501,0,False,,2024-08-14,2026-08-13,117.74,231.57,96.67912349244097,112.7,285.67,796763.0171652854,147646071.17196965,16697.38123752495,2.114246986231496
FORM,FORM.json,501,501,501,0,False,,2024-08-14,2026-08-13,46.64,131.67,182.31132075471695,22.58,160.27,1098201.6413182656,81845751.83091475,20184.954091816366,4.612281176647212
FOUR,FOUR.json,501,501,501,0,False,,2024-08-14,2026-08-13,76.79,48.0,-37.491860919390554,34.56,127.5,1857975.225635461,140163703.29276946,27003.62874251497,3.5543306988263454
FOX,FOX.json,501,501,501,0,False,,2024-08-14,2026-08-13,36.24,58.1,60.32008830022075,35.89,68.175,1409115.3500905808,72888385.06847928,20925.239520958083,1.928176179400606
FOXA,FOXA.json,501,501,501,0,False,,2024-08-14,2026-08-13,38.86,65.45,68.42511580030882,38.715,76.39,3979669.8396036467,222230754.11329007,47291.39520958084,1.972336490707129
FRME,FRME.json,501,501,501,0,False,,2024-08-14,2026-08-13,35.56,43.37,21.962879640044974,33.13,46.13,319748.7423774631,12674931.400713589,7362.453093812375,1.8184539071943049
FRO,FRO.json,501,501,501,0,False,,2024-08-14,2026-08-13,23.99,40.52,68.90370987911632,12.4,43.1,2911497.693081928,71392796.22778109,27699.778443113773,3.0448881437727424
FROG,FROG.json,501,501,501,0,False,,2024-08-14,2026-08-13,26.54,95.15,258.51544837980407,25.78,99.22,1766179.2978612157,92450947.24410997,23784.107784431137,3.711279465626131
FRPT,FRPT.json,501,501,501,0,False,,2024-08-14,2026-08-13,130.74,72.73,-44.3705063484779,46.45,164.07,1246068.9353503394,94652353.15019982,21290.239520958083,3.1854184043987037
FRSH,FRSH.json,501,501,501,0,False,,2024-08-14,2026-08-13,11.11,12.68,14.131413141314141,6.79,19.77,6008777.946751737,68574228.34215672,34550.94011976048,3.1154256901067408
FRT,FRT.json,501,501,501,0,False,,2024-08-14,2026-08-13,112.15,118.89,6.009808292465446,80.65,128.21,768084.63588395,81464086.8227462,14490.612774451098,1.2967643485547333
FSLR,FSLR.json,501,501,501,0,False,,2024-08-14,2026-08-13,232.52,223.69,-3.797522793738173,116.5625,320.95,2835247.903450926,556509460.7459167,54967.564870259484,3.717813114559719
FSLY,FSLY.json,501,501,501,0,False,,2024-08-14,2026-08-13,6.26,30.02,379.55271565495207,4.65,34.82,5250757.978879818,81925863.59263827,40184.72055888223,6.232438961390314
FTAI,FTAI.json,501,501,501,0,False,,2024-08-14,2026-08-13,104.45,216.15,106.94112015318336,75.06,323.51,1623313.5226458942,266909536.01361856,29919.375249500998,4.5828417896538705
FTI,FTI.json,501,501,501,0,False,,2024-08-14,2026-08-13,26.35,76.67,190.96774193548387,22.115,77.92,4217813.0951753855,182337815.74228746,41434.21956087824,2.341085170144579
FTNT,FTNT.json,501,501,501,0,False,,2024-08-14,2026-08-13,71.615,165.44,131.0130559240383,70.12,172.09,5599568.996747575,538897286.8614905,81377.51497005988,2.573795682794157
FUBO,FUBO.json,501,501,501,0,False,,2024-08-14,2026-08-13,15.48,9.8,-36.69250645994831,7.95,77.4,1615574.4676758763,52891042.7667394,36924.27145708583,12.297824053017905
FUL,FUL.json,501,501,501,0,False,,2024-08-14,2026-08-13,79.46,60.15,-24.301535363705007,47.56,85.89,475504.39022640925,29095212.046464816,9877.059880239522,2.0959651165263544
FULT,FULT.json,501,501,501,0,False,,2024-08-14,2026-08-13,17.51,24.52,40.0342661336379,14.325,25.23,1618941.2098703093,32092222.371078983,18178.24351297405,1.9376184631079916
FUTU,FUTU.json,501,501,501,0,False,,2024-08-14,2026-08-13,60.51,104.6,72.86398942323582,56.22,202.5299,2646475.852265429,315455091.19513804,37052.92614770459,4.259156158063128
FVRR,FVRR.json,501,501,501,0,False,,2024-08-14,2026-08-13,24.35,9.02,-62.95687885010267,8.605,36.11,826369.4996638084,16958525.9725582,11920.61876247505,3.27941307464605
FXA,FXA.json,501,501,501,0,False,,2024-08-14,2026-08-13,65.55,69.8888,6.619069412662104,58.9,72.02,18197.013949293414,1196521.4192157183,185.91417165668662,0.5858457972923121
FXB,FXB.json,501,501,501,0,False,,2024-08-14,2026-08-13,123.6,129.6188,4.869579288025894,116.7432,133.11,17829.80650251497,2276364.8259460065,261.19161676646706,0.4498090936371814
FXC,FXC.json,501,501,501,0,False,,2024-08-14,2026-08-13,71.34,70.14,-1.6820857863751093,66.52,72.825,38153.954997209585,2678451.712674844,293.5928143712575,0.3320264265395783
FXE,FXE.json,501,501,501,0,False,,2024-08-14,2026-08-13,101.74,106.3994,4.579712993906049,94.08,111.535,136416.67640823554,14419701.883056523,1029.6706586826347,0.4573413598832248
FXY,FXY.json,501,501,501,0,False,,2024-08-14,2026-08-13,62.78,57.53,-8.36253583943931,55.9601,65.88,248141.00044941116,15164380.228071813,1791.3732534930139,0.6240769839268501
G,G.json,501,501,501,0,False,,2024-08-14,2026-08-13,37.6,34.37,-8.590425531914903,26.85,56.76,1872187.2457893114,75941925.76230083,23426.590818363275,2.1727902157255627
GABC,GABC.json,501,501,501,0,False,,2024-08-14,2026-08-13,37.67,51.11,35.67825856118927,32.7516,52.23,127312.3490676547,5266093.696651432,3514.606786427146,1.5675790486121155
GATX,GATX.json,501,501,501,0,False,,2024-08-14,2026-08-13,137.47,179.25,30.392085545937285,127.695,205.56,185369.04539234334,30523330.36883612,6586.646706586826,1.5506203320125673
GBCI,GBCI.json,501,501,501,0,False,,2024-08-14,2026-08-13,42.37,49.77,17.46518763275904,36.76,60.67,832247.8400947046,39250583.38884534,14262.393213572854,2.0357074990305706
GCMG,GCMG.json,501,501,501,0,False,,2024-08-14,2026-08-13,10.68,14.05,31.554307116104873,9.3,14.8656,501563.07870597206,5961525.987091914,6666.662674650699,1.8105643468102415
GCT,GCT.json,501,501,501,0,False,,2024-08-14,2026-08-13,23.31,53.23,128.35692835692836,11.17,56.27,942483.723175998,25228754.718584593,13409.131736526946,4.746429412440499
GD,GD.json,501,501,501,0,False,,2024-08-14,2026-08-13,291.71,392.96,34.7091289294162,239.2,400.0,1317119.363474942,409571481.7730854,34215.62674650698,1.4049421418313135
GDDY,GDDY.json,501,501,501,0,False,,2024-08-14,2026-08-13,160.32,100.5,-37.31287425149701,71.59,216.0,1711684.8112248385,227140463.00210676,31190.473053892216,2.496188342779957
GDRX,GDRX.json,501,501,501,0,False,,2024-08-14,2026-08-13,6.89,3.72,-46.00870827285921,1.77,8.8,2121833.770572453,8323556.721967699,12742.165668662674,4.136504143554442
GE,GE.json,501,501,501,0,False,,2024-08-14,2026-08-13,168.5,360.64,114.02967359050442,159.36,388.84,5205144.953849429,1325282467.7454672,90055.59880239521,2.0396783051030827
GEF,GEF.json,501,501,501,0,False,,2024-08-14,2026-08-13,60.31,88.56,46.84131984745481,48.23,90.565,204935.44912123354,13434451.228436457,5801.560878243513,1.8148260853491298
GEHC,GEHC.json,501,501,501,0,False,,2024-08-14,2026-08-13,84.19,73.79,-12.353011046442564,57.65,94.8,3873137.6270652474,289642309.2730311,50160.339321357285,2.19965385737637
GEN,GEN.json,501,501,501,0,False,,2024-08-14,2026-08-13,24.84,29.57,19.041867954911428,17.78,32.215,4763484.1097618565,123403808.2733727,41767.72854291417,1.985023780699011
GENK,GENK.json,501,501,501,0,False,,2024-08-14,2026-08-13,7.7566,1.95,-74.86011912435862,1.43,10.33,79311.01001389221,317166.47779269307,807.5528942115768,4.46997293410221
GEO,GEO.json,501,501,501,0,False,,2024-08-14,2026-08-13,13.01,30.37,133.4358186010761,11.75,36.46,2574407.143248557,58592392.94321766,26235.844311377245,3.677870590052585
GEV,GEV.json,501,501,501,0,False,,2024-08-14,2026-08-13,180.0,1049.42,483.0111111111112,173.07,1195.94,3083346.8933142712,1743305204.8918676,82953.06586826347,3.36196303437346
GFF,GFF.json,501,501,501,0,False,,2024-08-14,2026-08-13,62.04,105.97,70.80915538362346,60.97,108.57,372876.3126226447,28549786.194046356,8812.415169660679,2.4317157656846247
GFI,GFI.json,501,501,501,0,False,,2024-08-14,2026-08-13,15.58,39.53,153.72272143774072,12.98,61.64,3382603.386585978,105475219.43669881,35649.12375249501,3.492603604358139
GH,GH.json,501,501,501,0,False,,2024-08-14,2026-08-13,29.75,159.54,436.2689075630252,20.14,176.58,2294504.1646119803,165173642.4657819,32521.82035928144,3.8797788784622735
GHC,GHC.json,501,501,501,0,False,,2024-08-14,2026-08-13,727.6,1174.23,61.38400219901043,721.775,1262.345,24654.18877709182,25016495.92874882,3091.634730538922,1.7617655899537752
GILD,GILD.json,501,501,501,0,False,,2024-08-14,2026-08-13,73.51,138.14,87.92001088287304,72.885,157.29,7371381.430227409,840160209.7523975,82489.78243512975,1.6901142282655341
GILT,GILT.json,501,501,501,0,False,,2024-08-14,2026-08-13,4.66,11.5,146.78111587982832,4.3,20.928,595092.4623528942,7204594.913815623,6813.710578842315,3.9060260136967124
GIS,GIS.json,501,501,501,0,False,,2024-08-14,2026-08-13,69.21,38.91,-43.77980060684872,31.75,75.9,6561706.392731506,315692376.6719685,63259.58483033932,1.544046718414946
GKOS,GKOS.json,501,501,501,0,False,,2024-08-14,2026-08-13,121.75,189.45,55.605749486652975,73.16,189.69,857872.8794409282,96574807.3337232,16700.34530938124,3.234401308168061
GL,GL.json,501,501,501,0,False,,2024-08-14,2026-08-13,93.45,180.67,93.33333333333331,93.09,191.55,627129.7066939361,82280888.50005229,14777.684630738522,1.5075899313038725
GLBE,GLBE.json,501,501,501,0,False,,2024-08-14,2026-08-13,30.69,42.19,37.4714890843923,26.64,63.69,1566254.6414403992,58505866.86784926,19924.437125748504,3.22465431357445
GLD,GLD.json,501,501,501,0,False,,2024-08-14,2026-08-13,226.55,398.96,76.10240564996688,225.12,509.7,10878225.029129634,3840128328.244249,170228.9021956088,1.4900219638402303
GLNG,GLNG.json,501,501,501,0,False,,2024-08-14,2026-08-13,33.56,51.21,52.592371871275326,29.56,57.79,1456374.8326552117,61628472.33883192,18935.20359281437,2.248148148855471
GLOB,GLOB.json,501,501,501,0,False,,2024-08-14,2026-08-13,190.0,40.99,-78.42631578947368,27.56,238.32,1218375.5343641515,96579040.99207819,20616.98403193613,3.6737448641933277
GLPI,GLPI.json,501,501,501,0,False,,2024-08-14,2026-08-13,49.09,43.65,-11.081686697901826,41.17,52.595,1849400.2318154972,86484646.57695656,24157.680638722555,1.156108521120657
GLW,GLW.json,501,501,501,0,False,,2024-08-14,2026-08-13,39.68,158.54,299.5463709677419,37.31,271.78,7950953.069273315,878144237.5231584,97870.44710578842,3.410690092283987
GM,GM.json,501,501,501,0,False,,2024-08-14,2026-08-13,43.62,86.39,98.0513525905548,41.6,91.85,10115986.85845889,603456178.8803986,96994.16966067864,2.2626560159881697
GMAB,GMAB.json,501,501,501,0,False,,2024-08-14,2026-08-13,26.94,31.34,16.33259094283592,17.235,35.43,1580383.5790236946,41004022.12247028,16935.08982035928,2.1530564605264773
GME,GME.json,501,501,501,0,False,,2024-08-14,2026-08-13,22.34,18.57,-16.87555953446732,18.325,35.81,9072634.928345382,222929270.6887831,66133.0139720559,3.3195645671018355
GNK,GNK.json,501,501,501,0,False,,2024-08-14,2026-08-13,17.89,25.99,45.27669088876467,11.2,27.25,523638.439849497,9039426.673874913,8006.183632734531,2.228758948556238
GNRC,GNRC.json,501,501,501,0,False,,2024-08-14,2026-08-13,144.47,216.66,49.96885166470548,99.5,296.44,970277.1832332176,171311219.2073968,22827.558882235528,3.0878623790204918
GNTX,GNTX.json,501,501,501,0,False,,2024-08-14,2026-08-13,29.07,23.7,-18.472652218782248,20.28,31.75,2177423.2239472456,54196987.50349643,25704.630738522956,1.8095132689544429
GNW,GNW.json,501,501,501,0,False,,2024-08-14,2026-08-13,6.55,9.99,52.519083969465655,5.99,10.2,4275267.107568064,33485097.35258904,16208.097804391218,1.8187064988087476
GO,GO.json,501,501,501,0,False,,2024-08-14,2026-08-13,19.47,10.8,-44.530046224961474,5.655,21.67,2880996.078822585,36523059.71037417,27794.51497005988,3.9880570689437427
GOGO,GOGO.json,501,501,501,0,False,,2024-08-14,2026-08-13,7.08,2.78,-60.73446327683616,2.74,16.82,1797283.2076536447,13206804.003871538,16712.582834331337,4.844748898256829
GOLF,GOLF.json,501,501,501,0,False,,2024-08-14,2026-08-13,65.98,89.9,36.253410124280094,55.31,119.65,375867.4254864232,29649615.378371026,8630.391217564871,2.0705737350616817
GOOGL,GOOGL.json,501,501,501,0,False,,2024-08-14,2026-08-13,162.4,346.36,113.27586206896552,140.53,408.61,33124562.392380983,8032985345.907318,588799.5189620758,2.0101880801946157
GOOS,GOOS.json,501,501,501,0,False,,2024-08-14,2026-08-13,10.58,8.7,-17.769376181474485,6.73,15.425,889072.7070111677,9943136.705841139,8944.31736526946,3.211044033433312
GPC,GPC.json,501,501,501,0,False,,2024-08-14,2026-08-13,137.06,135.35,-1.2476287757186677,90.78,151.57,1409049.0171834333,171319888.17552668,24820.622754491018,2.0824899074067336
GPK,GPK.json,501,501,501,0,False,,2024-08-14,2026-08-13,28.09,11.84,-57.849768600925586,8.785,30.7,4289057.641395538,73280533.61755325,32124.215568862277,2.3737939593948734
GPN,GPN.json,501,501,501,0,False,,2024-08-14,2026-08-13,104.16,94.83,-8.957373271889402,61.16,120.0,2841385.369636511,237490646.76744422,36371.165668662674,2.5518444305944765
GRAB,GRAB.json,501,501,501,0,False,,2024-08-14,2026-08-13,3.39,3.7,9.144542772861364,3.08,6.62,42202260.198462084,192471462.48343015,93642.85229540917,2.893335543541349
GREK,GREK.json,501,501,501,0,False,,2024-08-14,2026-08-13,41.81,82.254,96.73283903372398,38.145,83.33,78351.96497218164,4948715.960065664,922.0479041916168,1.5075355150351109
GRFS,GRFS.json,501,501,501,0,False,,2024-08-14,2026-08-13,6.89,7.93,15.094339622641506,6.19,11.14,844403.0954349241,7110060.913017548,6841.920159680639,2.572083105465504
GS,GS.json,501,501,501,0,False,,2024-08-14,2026-08-13,492.9,1042.63,111.52972205315481,439.38,1153.99,2226360.3317543333,1636326060.5593817,67406.48502994012,2.046029660226438
GSAT,GSAT.json,501,501,501,0,False,,2024-08-14,2026-08-13,18.0,82.61,358.9444444444444,15.0,84.85,1004820.2824916028,48220371.8954391,18852.465069860278,4.585744634671358
GSG,GSG.json,501,501,501,0,False,,2024-08-14,2026-08-13,21.29,32.21,51.291686237670284,19.73,34.94,700153.8265875949,18141459.277172755,2848.738522954092,1.3646157668885581
GSK,GSK.json,501,501,501,0,False,,2024-08-14,2026-08-13,41.09,50.45,22.77926502798735,31.715,61.695,4874679.801031272,211916330.2033833,42683.63273453094,1.7102736156899188
GT,GT.json,501,501,501,0,False,,2024-08-14,2026-08-13,8.45,6.18,-26.86390532544378,5.43,12.03,7078716.003288118,58989270.738084905,33680.4870259481,3.1845480300096445
GTES,GTES.json,501,501,501,0,False,,2024-08-14,2026-08-13,16.47,27.67,68.0024286581664,14.6957,30.34,2393321.712957515,53470860.497569375,24972.570858283434,2.4981379594852866
GTLB,GTLB.json,501,501,501,0,False,,2024-08-14,2026-08-13,44.2,43.35,-1.9230769230769273,18.73,74.18,4219382.285427233,170070955.71819755,50992.23353293413,3.7109891988487362
GWW,GWW.json,501,501,501,0,False,,2024-08-14,2026-08-13,960.67,1321.38,37.54775313062759,893.99,1419.91,275264.5838305429,298765033.665876,15992.473053892216,1.5020781325225203
GXO,GXO.json,501,501,501,0,False,,2024-08-14,2026-08-13,47.42,48.36,1.9822859552931282,30.46,66.85,1304967.3346834353,64490977.563256614,19307.327345309383,2.7012961270377103
H,H.json,501,501,501,0,False,,2024-08-14,2026-08-13,135.45,179.85,32.7796234772979,102.425,206.86,836348.6774033094,126563433.71330741,17327.600798403193,2.205923389616277
HACK,HACK.json,501,501,501,0,False,,2024-08-14,2026-08-13,64.38,121.89,89.32898415657039,61.59,121.97,124672.49619004791,10402565.064729493,1850.8423153692615,1.6783188799139208
HAE,HAE.json,501,501,501,0,False,,2024-08-14,2026-08-13,74.48,90.38,21.348012889366252,47.315,94.985,795971.1096528602,53792392.68486478,14149.812375249501,2.8681932749394337
HAIN,HAIN.json,501,501,501,0,False,,2024-08-14,2026-08-13,6.78,0.5976,-91.1858407079646,0.483,9.43,1712810.9214827765,4875455.256523397,9404.874251497005,5.389907888304213
HAL,HAL.json,501,501,501,0,False,,2024-08-14,2026-08-13,31.25,32.84,5.088000000000004,18.72,43.59,12514385.02891526,357568051.3984316,83515.13572854291,2.4259408769288804
HALO,HALO.json,501,501,501,0,False,,2024-08-14,2026-08-13,56.0,100.67,79.76785714285714,42.01,104.78,1895385.3529309002,122054312.08109996,26119.22754491018,2.7536635324769265
HAS,HAS.json,501,501,501,0,False,,2024-08-14,2026-08-13,64.22,96.7,50.576144503270015,49.0,106.98,1846378.0077985108,140769163.27177095,29843.97604790419,2.0902656723233037
HASI,HASI.json,501,501,501,0,False,,2024-08-14,2026-08-13,31.29,42.35,35.34675615212528,21.9817,44.13,1130039.621030493,35600267.41566771,15338.964071856288,2.1804562174076962
HAYW,HAYW.json,501,501,501,0,False,,2024-08-14,2026-08-13,14.15,15.29,8.056537102473493,11.1,17.73,2090086.2132273852,31408534.28715085,20578.754491017964,2.07675431332652
HBAN,HBAN.json,501,501,501,0,False,,2024-08-14,2026-08-13,13.5,17.77,31.62962962962963,11.915,19.455,24432177.800955147,402081202.2606773,66704.89221556886,1.8514978470218775
HCA,HCA.json,501,501,501,0,False,,2024-08-14,2026-08-13,370.0,411.74,11.28108108108108,289.98,556.52,1397390.8925597824,549582494.889932,34915.73852295409,1.8293395011993479
HCC,HCC.json,501,501,501,0,False,,2024-08-14,2026-08-13,61.67,94.38,53.04037619588129,38.0,110.39,863543.9509647345,58121983.28743158,16399.29341317365,3.215734189913227
HCI,HCI.json,501,501,501,0,False,,2024-08-14,2026-08-13,93.86,186.34,98.52972512252292,90.01,210.5,154784.39920682035,23539374.60102526,5585.918163672654,2.255194952766403
HCSG,HCSG.json,501,501,501,0,False,,2024-08-14,2026-08-13,10.61,21.09,98.77474081055608,9.125,25.7496,646611.0987149002,10730152.674351923,9845.263473053892,2.7744766052251864
HD,HD.json,501,501,501,0,False,,2024-08-14,2026-08-13,349.55,341.7,-2.2457445286797384,289.1,439.37,3817478.510953583,1402537684.4556594,84490.38522954092,1.5089129514239858
HDB,HDB.json,501,501,501,0,False,,2024-08-14,2026-08-13,29.51,23.1,-21.72145035581159,22.6603,39.8075,5951839.746441978,182035910.28492135,31077.483033932134,1.5755109352685208
HEI,HEI.json,501,501,501,0,False,,2024-08-14,2026-08-13,235.77,371.56,57.59426559782839,216.6801,376.86,499821.1309863034,145647566.1685788,16464.165668662674,1.9840830025548502
HGV,HGV.json,501,501,501,0,False,,2024-08-14,2026-08-13,35.38,44.91,26.936122102882965,30.59,55.4,953508.3183171537,40859543.08060206,15600.662674650699,2.54281604122038
HHH,HHH.json,501,501,501,0,False,,2024-08-14,2026-08-13,69.67,67.71,-2.813262523324256,61.0068,91.07,393294.31532717764,28767100.023799647,8361.718562874252,1.8717135034973755
HIG,HIG.json,501,501,501,0,False,,2024-08-14,2026-08-13,108.21,137.81,27.3542186489234,104.93,146.065,1582586.1722066607,199987825.89084476,26841.966067864272,1.3183725473002488
HII,HII.json,501,501,501,0,False,,2024-08-14,2026-08-13,262.58,325.76,24.06123847970143,158.88,460.0,542423.4097625968,147374761.72633892,18544.758483033933,2.6180140115210193
HIMS,HIMS.json,501,501,501,0,False,,2024-08-14,2026-08-13,16.1,28.77,78.69565217391303,13.47,72.98,25885863.485618483,979554773.6261798,181026.43313373253,6.517833903534987
HL,HL.json,501,501,501,0,False,,2024-08-14,2026-08-13,5.23,17.73,239.00573613766727,4.46,34.17,20837731.885302886,256384652.58825558,72897.17764471058,4.1538871281518785
HLI,HLI.json,501,501,501,0,False,,2024-08-14,2026-08-13,149.25,132.21,-11.417085427135676,112.83,211.7765,484704.77841406583,79647373.1899792,12049.954091816368,1.8729144374615667
HLIO,HLIO.json,501,501,501,0,False,,2024-08-14,2026-08-13,44.08,81.14,84.07441016333938,24.76,95.05,301243.7359339102,16372719.640861705,6224.011976047904,2.9680186019472856
HLMN,HLMN.json,501,501,501,0,False,,2024-08-14,2026-08-13,9.32,8.8,-5.579399141630892,6.55,12.08,1282554.3969535572,11258899.318303242,12332.616766467067,2.5271075649208776
HLNE,HLNE.json,501,501,501,0,False,,2024-08-14,2026-08-13,139.96,107.19,-23.413832523578172,71.88,203.72,609130.3958557704,77951693.9761734,13274.215568862275,2.6253698373091128
HLT,HLT.json,501,501,501,0,False,,2024-08-14,2026-08-13,204.28,320.82,57.049148227922466,196.04,358.0,1818762.9401592712,495167443.0622205,38878.00798403194,1.535405786260466
HMC,HMC.json,501,501,501,0,False,,2024-08-14,2026-08-13,30.65,31.2,1.794453507340954,23.245,34.89,1219122.3942187503,34774323.26135374,15098.02994011976,2.030214043801727
HNI,HNI.json,501,501,501,0,False,,2024-08-14,2026-08-13,50.07,49.36,-1.4180147793089737,28.93,58.42,535904.1131432394,23218698.521317877,9829.780439121756,2.0749912111456768
HOG,HOG.json,501,501,501,0,False,,2024-08-14,2026-08-13,36.45,27.85,-23.593964334705074,17.09,39.93,2355792.870435874,59454594.18272932,28625.87025948104,2.5857547228307887
HOMB,HOMB.json,501,501,501,0,False,,2024-08-14,2026-08-13,25.88,31.35,21.136012364760436,24.22,32.905,1191036.5311107782,33745117.49582425,15921.177644710579,1.6006059047829098
HON,HON.json,501,501,501,0,False,,2024-08-14,2026-08-13,184.7314,233.99,26.66498494571037,169.0481,252.0,4241584.197416866,891083833.5138714,59579.49101796407,1.599586547429269
HOOD,HOOD.json,501,501,501,0,False,,2024-08-14,2026-08-13,18.73,99.37,430.53924185798184,18.57,153.8599,31359551.775411434,2484235252.330439,291282.6087824351,4.571144805196896
HPE,HPE.json,501,501,501,0,False,,2024-08-14,2026-08-13,17.83,59.82,235.5019629837353,11.965,64.25,20651270.41749926,526177715.40746975,102046.46506986028,3.127651834369346
HPQ,HPQ.json,501,501,501,0,False,,2024-08-14,2026-08-13,34.76,31.3,-9.953970080552354,17.56,39.795,12007264.982149806,306141837.39770657,79446.34331337325,2.5267198208152295
HQY,HQY.json,501,501,501,0,False,,2024-08-14,2026-08-13,71.46,105.59,47.76098516652674,69.945,116.65,915951.0179712555,84071410.20043632,17788.36127744511,2.3853462121040026
HR,HR.json,501,501,501,0,False,,2024-08-14,2026-08-13,17.75,19.21,8.225352112676054,14.09,22.04,3477089.002215331,61510798.233563855,23158.680638722555,1.392832124007366
HRB,HRB.json,501,501,501,0,False,,2024-08-14,2026-08-13,56.44,53.34,-5.492558469170794,28.16,68.45,1775951.2320184312,83324950.94836466,24667.56487025948,2.4219914080865745
HRI,HRI.json,501,501,501,0,False,,2024-08-14,2026-08-13,133.16,168.71,26.69720636827877,88.45,246.88,485774.6787937186,69984119.10482222,12451.375249500998,3.6836800375354124
HRL,HRL.json,501,501,501,0,False,,2024-08-14,2026-08-13,32.14,24.44,-23.957685127566897,19.7,33.8,3816347.913119635,99705133.89309692,35812.64670658683,1.6644982132398196
HRMY,HRMY.json,501,501,501,0,False,,2024-08-14,2026-08-13,35.24,38.5,9.250851305334852,25.52,41.61,749568.6398462974,24994759.755089223,12974.477045908183,2.8329011403695614
HSIC,HSIC.json,501,501,501,0,False,,2024-08-14,2026-08-13,69.67,90.12,29.352662552031017,60.56,92.18,1569063.5996995051,114596144.11448775,23946.522954091815,1.7100907845795599
HST,HST.json,501,501,501,0,False,,2024-08-14,2026-08-13,16.02,22.75,42.009987515605495,12.22,25.71,8822647.465907704,159428870.14781234,45422.41117764471,1.7506755776873546
HSY,HSY.json,501,501,501,0,False,,2024-08-14,2026-08-13,199.25,186.12,-6.589711417816813,140.13,239.48,1817031.4756002694,331385710.1870605,34597.00798403194,1.7877225990216672
HTLD,HTLD.json,501,501,501,0,False,,2024-08-14,2026-08-13,12.23,12.66,3.515944399018811,6.995,16.635,532842.8845043672,5602191.12779168,8131.213572854292,2.371792122939891
HTZ,HTZ.json,501,501,501,0,False,,2024-08-14,2026-08-13,3.53,2.345,-33.56940509915013,1.45,9.39,11711945.665520178,55004217.02900426,39716.071856287424,6.581168599226471
HUBB,HUBB.json,501,501,501,0,False,,2024-08-14,2026-08-13,376.73,507.1,34.605685769649355,299.425,565.4999,551012.4896852615,240879394.83328965,18844.58882235529,2.0018040999286844
HUBS,HUBS.json,501,501,501,0,False,,2024-08-14,2026-08-13,482.37,240.51,-50.13993407550221,169.63,881.13,1042290.2735649421,388486199.02195317,30472.24750499002,3.6912579084907553
HUM,HUM.json,501,501,501,0,False,,2024-08-14,2026-08-13,355.45,384.97,8.304965536643705,163.11,428.8818,1815772.2039494112,478276943.5048794,39938.10379241517,2.9633678469263067
HUN,HUN.json,501,501,501,0,False,,2024-08-14,2026-08-13,20.59,10.32,-49.87858183584264,7.295,25.12,4369197.47776179,55983679.9401464,34131.30738522954,3.3998565793645867
HWM,HWM.json,501,501,501,0,False,,2024-08-14,2026-08-13,93.96,282.82,201.0004257130694,90.715,310.0,2578661.1759412372,466273760.8715,43296.98602794411,2.097224285884261
HXL,HXL.json,501,501,501,0,False,,2024-08-14,2026-08-13,61.28,102.31,66.95496083550914,45.275,111.735,1069908.0471628224,76216337.6327258,17892.760479041917,1.999534869177518
HYG,HYG.json,501,501,501,0,False,,2024-08-14,2026-08-13,78.36,79.79,1.8249106687085348,75.08,81.36,39608812.58422958,3156863943.2190824,59502.60878243513,0.32554410397910355
IAU,IAU.json,501,501,501,0,False,,2024-08-14,2026-08-13,46.31,81.78,76.59252861153098,46.02,104.4,8456773.691609852,617676072.8860263,48663.15369261477,1.481506096832725
IBB,IBB.json,501,501,501,0,False,,2024-08-14,2026-08-13,144.0,198.94,38.15277777777777,107.43,201.72,1625657.4210346986,246149606.71771908,24665.121756487028,1.3732304709015721
IBKR,IBKR.json,501,501,501,0,False,,2024-08-14,2026-08-13,29.685,91.42,207.96698669361632,29.405,97.84,5539614.792425165,329934251.5615214,50368.94011976048,2.6108267712861877
IBM,IBM.json,501,501,501,0,False,,2024-08-14,2026-08-13,191.15,237.14,24.059639026942193,190.73,332.46,5633214.184678922,1430123902.7654982,105645.77445109781,2.5072828503739766
IBN,IBN.json,501,501,501,0,False,,2024-08-14,2026-08-13,27.58,29.48,6.889050036258171,25.0819,34.565,5461640.781096255,163703966.1328596,27998.08582834331,1.3155294871800371
IBOC,IBOC.json,501,501,501,0,False,,2024-08-14,2026-08-13,58.61,73.41,25.251663538645275,54.11,78.46,280785.01032000995,19105762.233302318,7365.696606786427,1.7281753750148212
IBP,IBP.json,501,501,501,0,False,,2024-08-14,2026-08-13,216.18,246.08,13.831066703672867,150.831,349.0,381851.37979361875,86474066.65258749,12648.167664670658,3.1346531780797875
IBRX,IBRX.json,501,501,501,0,False,,2024-08-14,2026-08-13,3.76,7.65,103.45744680851068,1.83,12.43,12546766.901884887,68173560.67536967,39039.64670658683,6.444478976219056
ICE,ICE.json,501,501,501,0,False,,2024-08-14,2026-08-13,154.87,155.24,0.23891005359333306,121.79,189.35,3365925.6097237566,538085527.3720866,47372.473053892216,1.3707183275257186
ICHR,ICHR.json,501,501,501,0,False,,2024-08-14,2026-08-13,30.34,71.19,134.6407382992749,13.12,113.58,687552.0689724091,27900797.80117435,12077.077844311378,5.6725815484582505
ICL,ICL.json,501,501,501,0,False,,2024-08-14,2026-08-13,4.12,5.39,30.8252427184466,3.79,7.35,1028312.689043491,5679228.661387245,6216.738522954091,2.3308817329485256
ICLN,ICLN.json,501,501,501,0,False,,2024-08-14,2026-08-13,14.2,18.36,29.295774647887328,10.4637,23.78,3825716.9508532993,62437814.21619894,13637.722554890219,1.6930237442719067
ICLR,ICLR.json,501,501,501,0,False,,2024-08-14,2026-08-13,321.28,167.48,-47.87101593625498,66.57,328.35,1215398.0261952693,200098948.07706615,20073.736526946108,3.7035831626995934
ICSH,ICSH.json,501,501,501,0,False,,2024-08-14,2026-08-13,50.58,50.505,-0.14827995255041193,50.33,50.77,1392965.783142896,70452907.53760962,2993.193612774451,0.08325732379580027
IDA,IDA.json,501,501,501,0,False,,2024-08-14,2026-08-13,101.68,141.12,38.78835562549175,99.81,154.91,425068.7843036068,53999919.76058338,10267.43512974052,1.1107582714399014
IDCC,IDCC.json,501,501,501,0,False,,2024-08-14,2026-08-13,139.19,344.07,147.1944823622387,129.76,412.6,351931.0690036347,89649904.67630243,12077.32135728543,2.710987081350286
IDRV,IDRV.json,501,501,501,0,False,,2024-08-14,2026-08-13,27.24,37.08,36.12334801762114,24.48,45.64,31551.93878609381,1062312.3480174982,373.81437125748505,1.7474905341177054
IDXX,IDXX.json,501,501,501,0,False,,2024-08-14,2026-08-13,485.51,566.93,16.76999443883751,356.14,769.98,606723.0075141677,325185268.27892905,21919.636726546905,2.3674355642244507
IEF,IEF.json,501,501,501,0,False,,2024-08-14,2026-08-13,97.32,93.3,-4.130702836004929,91.08,99.18,8333594.072798478,794546295.6319222,25296.403193612776,0.3536935176146951
IEX,IEX.json,501,501,501,0,False,,2024-08-14,2026-08-13,193.79,239.13,23.396460085659744,153.36,243.7954,678442.1020581597,131550798.59259386,15668.45109780439,1.6590315279606638
IFF,IFF.json,501,501,501,0,False,,2024-08-14,2026-08-13,96.54,84.06,-12.927284027346186,59.14,106.77,1815198.003101984,138111272.95864767,27250.487025948103,2.0341594283780435
IGV,IGV.json,501,501,501,0,False,,2024-08-14,2026-08-13,83.4,106.28,27.434052757793758,73.93,117.99,9652059.405643068,895028166.212942,85325.74650698603,1.8088504423454321
IHF,IHF.json,501,501,501,0,False,,2024-08-14,2026-08-13,55.87,56.92,1.879362806515128,40.57,58.9449,292821.7505286647,14281580.54898045,2245.129740518962,1.3563606729466646
IHI,IHI.json,501,501,501,0,False,,2024-08-14,2026-08-13,55.99,56.11,0.21432398642613482,47.365,65.18,1365914.5901991276,77425945.72693048,13201.413173652694,1.1929277789445616
IIPR,IIPR.json,501,501,501,0,False,,2024-08-14,2026-08-13,117.5,57.53,-51.03829787234042,44.58,138.35,321127.59404352494,20512169.366007034,8012.191616766467,2.7203775160217956
IJJ,IJJ.json,501,501,501,0,False,,2024-08-14,2026-08-13,116.93,151.28,29.376550072693064,102.24,151.625,182740.376956507,23537165.56656731,1981.998003992016,1.1504240148531535
IJS,IJS.json,501,501,501,0,False,,2024-08-14,2026-08-13,101.87,140.24,37.665652301953465,82.0972,140.39,334803.9368419501,37635893.04613605,3119.2554890219562,1.3256447571348906
IJT,IJT.json,501,501,501,0,False,,2024-08-14,2026-08-13,132.56,177.38,33.81110440555219,107.38,179.68,140158.84001136728,20084149.397490885,1753.4790419161677,1.2989131906555278
ILMN,ILMN.json,501,501,501,0,False,,2024-08-14,2026-08-13,122.13,192.64,57.733562597232456,68.7,207.0,1999705.9183194852,243547622.426919,33360.49301397205,2.825713574582889
IMO,IMO.json,501,501,501,0,False,,2024-08-14,2026-08-13,75.21,132.35,75.97393963568675,58.76,139.44,516588.26726301794,48168415.9837377,9101.776447105789,1.8732165504068377
INCY,INCY.json,501,501,501,0,False,,2024-08-14,2026-08-13,61.8,120.52,95.01618122977347,53.56,132.6,1901357.532597561,159318922.86249158,29771.021956087825,2.1834715278613794
INDA,INDA.json,501,501,501,0,False,,2024-08-14,2026-08-13,55.38,49.98,-9.750812567713984,45.2118,59.49,6351525.790685545,330597519.36840636,24992.986027944113,0.9360530604745778
INFY,INFY.json,501,501,501,0,False,,2024-08-14,2026-08-13,21.61,12.41,-42.57288292457196,10.298,30.0,14306923.234134816,235841127.50709957,48942.90618762475,2.070645857408589
ING,ING.json,501,501,501,0,False,,2024-08-14,2026-08-13,16.89,35.6,110.77560686796923,15.085,36.235,2530269.6279898603,60216391.747317955,15322.59880239521,1.7207226865517244
INGR,INGR.json,501,501,501,0,False,,2024-08-14,2026-08-13,130.09,105.1,-19.209777846106547,94.44,155.44,589430.8760191138,70945737.2209808,13115.313373253493,1.349941038650515
INSM,INSM.json,501,501,501,0,False,,2024-08-14,2026-08-13,76.5,126.33,65.13725490196079,60.4,212.75,2666022.2999067246,306778368.82978505,35455.22355289421,3.5040647890916676
INSP,INSP.json,501,501,501,0,False,,2024-08-14,2026-08-13,193.34,58.2,-69.89758973828488,38.91,225.0,924286.9718783114,95538977.73910987,17853.95608782435,4.0702250230621955
INTA,INTA.json,501,501,501,0,False,,2024-08-14,2026-08-13,38.0,41.02,7.947368421052636,19.01,77.74,831524.3882272155,33893261.74422142,14993.383233532933,3.371196700828473
INTC,INTC.json,501,501,501,0,False,,2024-08-14,2026-08-13,20.485,104.56,410.42226019038327,17.665,142.35,101836013.60298842,4702529368.906541,496558.57884231536,4.392456944058924
INTU,INTU.json,501,501,501,0,False,,2024-08-14,2026-08-13,627.27,358.29,-42.88105600459132,252.84,813.7,2535899.1702663833,1279321738.2547517,67409.2614770459,2.575966526431015
INVH,INVH.json,501,501,501,0,False,,2024-08-14,2026-08-13,35.32,30.3,-14.212910532276323,24.25,37.8,4454728.926451097,133227738.92599957,35418.061876247506,1.3351380023116148
IONQ,IONQ.json,501,501,501,0,False,,2024-08-14,2026-08-13,7.38,44.98,509.4850948509484,6.54,84.64,23387557.323106095,978552069.2756182,311970.04391217564,7.064234058589705
IOVA,IOVA.json,501,501,501,0,False,,2024-08-14,2026-08-13,10.845,6.52,-39.88012909174735,1.6385,12.505,12742642.289156651,49843865.158212475,37052.790419161676,6.315635866869883
IP,IP.json,501,501,501,0,False,,2024-08-14,2026-08-13,45.83,41.12,-10.277111062622735,29.26,60.36,5714920.930897922,260784362.14649358,53845.41516966068,2.541339963404607
IPAR,IPAR.json,501,501,501,0,False,,2024-08-14,2026-08-13,127.52,115.48,-9.44165621079046,77.21,148.15,236893.9675231018,25923996.019673597,6982.245508982036,1.9776869159596353
IPGP,IPGP.json,501,501,501,0,False,,2024-08-14,2026-08-13,67.34,83.94,24.651024651024645,48.59,155.82,350010.95186386624,31204642.294488233,9477.25748502994,3.7464140509356043
IQ,IQ.json,501,501,501,0,False,,2024-08-14,2026-08-13,3.26,1.36,-58.282208588957054,0.9501,3.37,17877610.262286875,36875706.98582405,21708.91417165669,3.7364930852893754
IQV,IQV.json,501,501,501,0,False,,2024-08-14,2026-08-13,239.46,241.52,0.8602689384448414,134.645,252.88,1694246.6981093632,319633371.7518637,30680.0,2.4972787297552843
IR,IR.json,501,501,501,0,False,,2024-08-14,2026-08-13,89.97,84.28,-6.324330332332995,65.61,106.03,3132392.0514315506,263118658.31772453,39514.385229540916,2.0448020022755395
IRDM,IRDM.json,501,501,501,0,False,,2024-08-14,2026-08-13,26.62,49.78,87.00225394440271,15.645,57.18,1893347.7290374772,54299043.88102663,26414.69860279441,3.624133747264234
IREN,IREN.json,501,501,501,0,False,,2024-08-14,2026-08-13,7.43,44.76,502.42261103633916,5.125,76.87,29351673.924085014,1073012266.0504676,236321.09580838322,6.715265217412019
IRM,IRM.json,501,501,501,0,False,,2024-08-14,2026-08-13,108.02,126.62,17.219033512312553,72.33,134.68,1751025.6163288224,181226937.54912323,27997.419161676647,2.0587760585906025
IRTC,IRTC.json,501,501,501,0,False,,2024-08-14,2026-08-13,66.74,123.16,84.53700928978125,55.92,212.0,516733.9181342635,64774055.725919336,12051.175648702594,3.0955364078725953
ISRG,ISRG.json,501,501,501,0,False,,2024-08-14,2026-08-13,468.78,401.27,-14.40121165578736,328.57,616.0,2027774.8005847784,984400752.1637726,59742.96207584831,2.187015832749658
ISTR,ISTR.json,501,501,501,0,False,,2024-08-14,2026-08-13,16.27,30.84,89.55132145052245,15.39,31.77,72214.79650497205,1891042.238865218,1685.3572854291417,1.8417582638890575
IT,IT.json,501,501,501,0,False,,2024-08-14,2026-08-13,479.17,183.3,-61.746353068848215,124.25,584.01,1028203.7329491298,265271978.57919922,25559.690618762474,2.937381856825033
ITB,ITB.json,501,501,501,0,False,,2024-08-14,2026-08-13,113.805,99.53,-12.543385615746239,82.71,129.89,2413550.914180118,247169783.81607342,31966.38522954092,1.8509161822838758
ITOT,ITOT.json,501,501,501,0,False,,2024-08-14,2026-08-13,118.74,170.7,43.759474482061634,105.0,171.03,2475585.716068463,352132861.5118198,26045.061876247506,1.0461935350100193
ITT,ITT.json,501,501,501,0,False,,2024-08-14,2026-08-13,133.89,216.7,61.849279259093294,105.64,230.32,629249.1717763873,109551786.16138667,13736.145708582835,1.9431161907074284
ITUB,ITUB.json,501,501,501,0,False,,2024-08-14,2026-08-13,5.8341,7.34,25.812036132394024,4.2895,9.6,26331197.816804036,174598355.42859215,27135.12375249501,1.8807754423000589
ITW,ITW.json,501,501,501,0,False,,2024-08-14,2026-08-13,238.61,290.98,21.94794853526676,214.66,303.155,1136324.0273048063,294744035.0438152,28576.516966067866,1.3599116437627548
IVZ,IVZ.json,501,501,501,0,False,,2024-08-14,2026-08-13,16.36,32.36,97.799511002445,11.6,32.55,5045119.381310044,108519452.15153567,40958.86427145709,2.3394675153098508
IWB,IWB.json,501,501,501,0,False,,2024-08-14,2026-08-13,297.21,426.04,43.34645536825814,264.17,426.92,1022054.416526527,357420788.2115951,12821.968063872255,1.028873682408185
IWD,IWD.json,501,501,501,0,False,,2024-08-14,2026-08-13,178.98,258.7,44.54128952955638,163.19,259.3,2702997.4678804707,555995852.9166355,27570.864271457085,0.8778744445390125
IWF,IWF.json,501,501,501,0,False,,2024-08-14,2026-08-13,88.845,125.66,41.43733468400021,77.1675,129.14,6578314.744556928,707583645.573668,26072.12974051896,1.3251715146702059
IWM,IWM.json,501,501,501,0,False,,2024-08-14,2026-08-13,208.63,303.5,45.472846666347124,171.73,305.05,33002820.328931995,7849051628.786279,281621.04391217564,1.3474290301940672
IWN,IWN.json,501,501,501,0,False,,2024-08-14,2026-08-13,158.49,226.77,43.08158243422297,129.38,227.86,877624.0934249801,153042651.87753293,9805.928143712576,1.2619093353768147
IWO,IWO.json,501,501,501,0,False,,2024-08-14,2026-08-13,267.67,392.7,46.71050173721372,219.19,396.69,424457.5416762096,132125827.65582074,7419.037924151697,1.4906892260587576
IWP,IWP.json,501,501,501,0,False,,2024-08-14,2026-08-13,109.85,147.11,33.91898042785619,99.85,147.51,988026.9486431936,130305249.16598283,9714.560878243514,1.3513455100550074
IWR,IWR.json,501,501,501,0,False,,2024-08-14,2026-08-13,82.87,114.71,38.4216242307228,73.168,114.76,1964777.6152762077,187381348.4733305,16467.74850299401,1.055013652382852
IWS,IWS.json,501,501,501,0,False,,2024-08-14,2026-08-13,124.39,173.17,39.215371010531385,108.85,173.25,467945.71942555485,65215723.96657496,4286.0459081836325,1.003441253395069
JACK,JACK.json,501,501,501,0,False,,2024-08-14,2026-08-13,55.64,18.76,-66.28324946081956,8.915,56.285,883349.6501939002,20588438.068970982,14054.481037924152,4.246801077705863
JAZZ,JAZZ.json,501,501,501,0,False,,2024-08-14,2026-08-13,111.0,245.85,121.4864864864865,95.49,265.045,890679.7283263294,136048022.2390352,16745.355289421157,2.247667147715113
JBHT,JBHT.json,501,501,501,0,False,,2024-08-14,2026-08-13,163.83,282.32,72.32497100653114,122.79,299.76,1065856.3262809122,195503042.92302322,22962.684630738524,2.289022496939636
JBL,JBL.json,501,501,501,0,False,,2024-08-14,2026-08-13,104.94,370.36,252.925481227368,99.67,428.9322,1341413.3142169141,279657884.1580231,28815.1377245509,2.638125870553749
JBLU,JBLU.json,501,501,501,0,False,,2024-08-14,2026-08-13,4.64,5.8,25.0,3.34,8.31,22830294.12004567,121144360.5294681,53768.64870259481,4.334504815068559
JCI,JCI.json,501,501,501,0,False,,2024-08-14,2026-08-13,68.03,151.45,122.62237248272818,67.68,157.06,4388505.413268982,469192808.4225943,53015.243512974055,1.8911113392847314
JD,JD.json,501,501,501,0,False,,2024-08-14,2026-08-13,26.17,29.3,11.96025983951088,24.508,47.82,12756172.243415669,430553141.573776,83671.7365269461,2.7612868564561364
JEF,JEF.json,501,501,501,0,False,,2024-08-14,2026-08-13,55.79,55.86,0.12547051442910462,35.53,82.6799,2035074.9635108542,115411849.6673509,28144.47904191617,2.7181036829977594
JELD,JELD.json,501,501,501,0,False,,2024-08-14,2026-08-13,14.3,1.96,-86.2937062937063,0.925,16.4289,1460552.56497896,6252166.906580579,10021.415169660679,5.463047901993166
JEPI,JEPI.json,501,501,501,0,False,,2024-08-14,2026-08-13,56.82,57.92,1.9359380499823997,49.94,60.88,4610874.527388356,263610184.74636945,39736.61876247505,0.7175360441953474
JEPQ,JEPQ.json,501,501,501,0,False,,2024-08-14,2026-08-13,52.56,60.42,14.954337899543368,44.311,61.72,5698091.906266393,320319391.2737169,61127.59281437126,1.098485944012355
JKHY,JKHY.json,501,501,501,0,False,,2024-08-14,2026-08-13,164.91,155.86,-5.487841853132003,121.04,196.0,846478.0275353553,137043126.35198855,19374.506986027944,1.534771608176905
JKS,JKS.json,501,501,501,0,False,,2024-08-14,2026-08-13,19.91,16.29,-18.181818181818187,13.42,37.36,854862.8322418183,19651049.76897978,9960.7624750499,4.187161627938359
JNJ,JNJ.json,501,501,501,0,False,,2024-08-14,2026-08-13,157.83,262.08,66.05208135335485,140.68,274.9,8294635.917793051,1563583178.1931405,128283.21357285429,1.1840015460772906
JOE,JOE.json,501,501,501,0,False,,2024-08-14,2026-08-13,57.67,68.35,18.51916074215363,40.188,73.54,235171.97015367268,12930794.203064928,5718.89620758483,1.8078508767119437
JPM,JPM.json,501,501,501,0,False,,2024-08-14,2026-08-13,207.74,363.11,74.79060363916435,200.61,366.5,9340250.231885392,2603961085.5008144,151334.9860279441,1.578542547183691
JPST,JPST.json,501,501,501,0,False,,2024-08-14,2026-08-13,50.53,50.48,-0.0989511181476388,50.3,50.79,6148473.505492838,310858422.0727657,9807.493013972056,0.08805606790240861
JXN,JXN.json,501,501,501,0,False,,2024-08-14,2026-08-13,85.1,134.38,57.90834312573443,64.7011,137.99,660626.1894677444,64043430.25686492,14158.447105788424,2.390107948414962
KAI,KAI.json,501,501,501,0,False,,2024-08-14,2026-08-13,302.05,331.03,9.594438006952476,244.87,429.95,133886.41854232733,43532685.79911855,6110.714570858284,2.4497561041233116
KALU,KALU.json,501,501,501,0,False,,2024-08-14,2026-08-13,68.71,182.75,165.97292970455538,46.805,199.8899,174145.8892140559,19575364.21050855,5815.0898203592815,2.860289057087874
KBE,KBE.json,501,501,501,0,False,,2024-08-14,2026-08-13,49.78,71.41,43.45118521494575,44.34,71.76,1962895.6070221476,114807310.19963261,25154.24750499002,1.5820507084677433
KBH,KBH.json,501,501,501,0,False,,2024-08-14,2026-08-13,81.27,56.33,-30.687830687830687,44.025,89.7,1272021.9073421357,78451408.7878174,21376.74850299401,2.377702118241428
KBR,KBR.json,501,501,501,0,False,,2024-08-14,2026-08-13,64.86,38.16,-41.165587419056436,29.94,72.6,1479618.508431447,69960577.7312117,21989.774451097805,2.101216419500865
KC,KC.json,501,501,501,0,False,,2024-08-14,2026-08-13,2.38,11.41,379.4117647058823,2.02,22.26,2309378.3464153567,27290876.717389446,19698.469061876247,6.208947734992237
KD,KD.json,501,501,501,0,False,,2024-08-14,2026-08-13,23.4,13.94,-40.427350427350426,10.1,44.2,2922854.9718000097,66773281.11559981,30718.59880239521,3.854399207114118
KDP,KDP.json,501,501,501,0,False,,2024-08-14,2026-08-13,35.15,31.12,-11.465149359886196,24.875,38.28,12846878.300383747,396278677.7533656,74220.30538922155,1.5956068482448322
KEX,KEX.json,501,501,501,0,False,,2024-08-14,2026-08-13,117.5,137.55,17.06382978723404,79.515,157.69,667216.6751344171,76112532.5184234,14035.966067864272,2.1316114871216705
KEY,KEY.json,501,501,501,0,False,,2024-08-14,2026-08-13,15.78,22.99,45.690747782002525,12.725,24.065,15575331.859106071,290046472.433699,57321.46506986028,1.8817617769663422
KFY,KFY.json,501,501,501,0,False,,2024-08-14,2026-08-13,68.32,84.83,24.16569086651055,58.95,85.69,446926.5521798643,30841249.71021676,9502.798403193612,1.823406866147544
KGC,KGC.json,501,501,501,0,False,,2024-08-14,2026-08-13,8.93,26.85,200.67189249720045,8.31,39.11,14976227.172209928,266614193.86675653,58850.922155688626,3.03773650050089
KHC,KHC.json,501,501,501,0,False,,2024-08-14,2026-08-13,34.57,25.38,-26.583743129881398,21.035,36.53,13065151.410700366,348180359.4218526,76352.11776447106,1.5860274802677206
KIDS,KIDS.json,501,501,501,0,False,,2024-08-14,2026-08-13,25.52,25.01,-1.998432601880873,14.42,33.14,184162.2077761018,3942966.2995207324,4067.129740518962,3.0125062048043207
KIM,KIM.json,501,501,501,0,False,,2024-08-14,2026-08-13,21.9,24.39,11.369863013698644,17.93,26.645,4696310.270986391,105073555.24157812,30538.536926147706,1.3167060606155596
KKR,KKR.json,501,501,501,0,False,,2024-08-14,2026-08-13,116.0,115.3,-0.603448275862073,82.67,170.4,4705234.374962493,555351350.0899402,59169.19361277445,2.622105180146418
KLAC,KLAC.json,501,501,501,0,False,,2024-08-14,2026-08-13,80.492,209.37,160.11280624161407,55.133,307.3743,11035685.03906472,1276623520.3158762,72837.97804391218,3.3298631346147136
KLIC,KLIC.json,501,501,501,0,False,,2024-08-14,2026-08-13,41.84,95.8,128.96749521988525,26.625,135.8,658195.4983316826,39754567.61812107,13264.764471057884,3.1361986869139913
KMB,KMB.json,501,501,501,0,False,,2024-08-14,2026-08-13,138.0,110.7,-19.782608695652172,92.42,150.45,3474434.218996591,398678064.81711763,52071.64471057884,1.4644755643256175
KMI,KMI.json,501,501,501,0,False,,2024-08-14,2026-08-13,20.92,32.08,53.346080305927316,20.56,34.805,13268344.148405455,372240940.91270816,71054.1616766467,1.464278652741878
KMT,KMT.json,501,501,501,0,False,,2024-08-14,2026-08-13,24.62,30.38,23.39561332250202,17.3,43.81,1082908.6617741557,30973296.26646297,14810.744510978044,2.6267528217389096
KMX,KMX.json,501,501,501,0,False,,2024-08-14,2026-08-13,77.09,60.05,-22.104034245686865,30.26,91.25,3212940.8955815784,178420786.73930606,41778.27944111777,2.965016833150933
KNSA,KNSA.json,501,501,501,0,False,,2024-08-14,2026-08-13,25.68,77.83,203.07632398753893,17.82,82.94,585487.8192187746,21853931.30069205,9402.10379241517,3.066807416142169
KNSL,KNSL.json,501,501,501,0,False,,2024-08-14,2026-08-13,471.55,376.97,-20.057257979005406,287.2,531.7899,225910.88171778046,92013879.89688078,10779.536926147704,2.2375829678518304
KNX,KNX.json,501,501,501,0,False,,2024-08-14,2026-08-13,52.33,73.3,40.07261609019683,36.69,82.86,3022414.5396037265,164655423.98821265,36393.78642714571,2.382363709349842
KO,KO.json,501,501,501,0,False,,2024-08-14,2026-08-13,68.23,87.42,28.125458009673167,60.615,90.92,16632726.968920784,1194930766.347855,193087.21756487025,1.12967073528731
KOF,KOF.json,501,501,501,0,False,,2024-08-14,2026-08-13,88.54,108.84,22.927490399819295,72.68,116.36,190651.15190728143,17572159.486516986,4993.007984031936,1.549175098569474
KR,KR.json,501,501,501,0,False,,2024-08-14,2026-08-13,52.6,57.23,8.802281368821285,50.69,76.58,6530571.54446431,423863242.9667901,69496.58483033933,1.7093910180265288
KRC,KRC.json,501,501,501,0,False,,2024-08-14,2026-08-13,33.52,37.0,10.381861575178997,27.07,45.03,1516471.5138256906,54872179.53346738,18295.900199600797,1.952333199854803
KRE,KRE.json,501,501,501,0,False,,2024-08-14,2026-08-13,53.23,77.75,46.06424948337404,47.06,78.35,14991495.098300604,951082173.9518765,101401.99600798404,1.7126506452345642
KRUS,KRUS.json,501,501,501,0,False,,2024-08-14,2026-08-13,60.7,53.14,-12.454695222405277,40.03,110.66,276546.9759636946,17917853.182839237,6907.219560878243,4.21397367619611
KSA,KSA.json,501,501,501,0,False,,2024-08-14,2026-08-13,41.11,37.88,-7.85696910727316,35.81,43.4198,604408.3962872236,23658413.656041447,8555.734530938123,0.9720868884563469
KTOS,KTOS.json,501,501,501,0,False,,2024-08-14,2026-08-13,19.95,62.79,214.73684210526315,19.6901,134.0,3288881.5296340478,200848772.96813416,49902.71656686627,3.924655132839722
KVUE,KVUE.json,501,501,501,0,False,,2024-08-14,2026-08-13,21.16,19.2,-9.262759924385634,14.02,25.17,23898113.508346528,458830858.4543013,73188.01996007984,1.7987034179581332
KWEB,KWEB.json,501,501,501,0,False,,2024-08-14,2026-08-13,26.35,26.85,1.8975332068311257,23.23,43.365,23120381.71903595,760338394.9429094,63685.89221556886,2.249161706803159
LAD,LAD.json,501,501,501,0,False,,2024-08-14,2026-08-13,284.41,378.66,33.138778523961875,239.78,439.49,313113.6128073593,99452499.58002718,11685.5249500998,2.387487275229555
LAZ,LAZ.json,501,501,501,0,False,,2024-08-14,2026-08-13,45.1,45.49,0.8647450110864652,31.97,61.14,1158684.825912146,55014523.28104609,15835.225548902195,2.750038590883674
LCID,LCID.json,501,501,501,0,False,,2024-08-14,2026-08-13,30.7,6.44,-79.0228013029316,2.37,44.3,10918139.017307004,187380447.92272437,81869.76646706587,5.183486840333907
LDOS,LDOS.json,501,501,501,0,False,,2024-08-14,2026-08-13,144.62,142.61,-1.3898492601299939,98.86,205.77,1197456.7991787745,182739991.90366095,25077.730538922155,2.0365111323909986
LEA,LEA.json,501,501,501,0,False,,2024-08-14,2026-08-13,112.01,122.64,9.490224087135068,73.85,150.33,668945.126929994,72368741.2695757,14365.634730538923,2.1631425374770368
LECO,LECO.json,501,501,501,0,False,,2024-08-14,2026-08-13,190.75,284.63,49.216251638269995,161.11,310.0,337960.0155842036,77387295.41521995,10987.399201596807,1.919244770930712
LEG,LEG.json,501,501,501,0,False,,2024-08-14,2026-08-13,12.46,9.7,-22.150882825040142,6.475,14.235,2175564.3370468803,22318624.492403727,17915.147704590818,3.250840372174979
LEN,LEN.json,501,501,501,0,False,,2024-08-14,2026-08-13,166.0213,87.54,-47.27182596449973,79.825,187.6089,3257805.409714102,389016828.65147024,49709.41516966068,2.2441711528555657
LEU,LEU.json,501,501,501,0,False,,2024-08-14,2026-08-13,38.02,191.82,404.523934771173,34.91,464.25,1034655.1202806127,190276535.71091634,30422.273453093814,6.139826370274277
LEVI,LEVI.json,501,501,501,0,False,,2024-08-14,2026-08-13,18.24,22.42,22.916666666666696,12.17,25.7,2451401.6484786565,49254061.045284204,25723.650698602796,2.4329045549081956
LFMD,LFMD.json,501,501,501,0,False,,2024-08-14,2026-08-13,5.55,3.46,-37.65765765765766,2.56,15.84,1201529.1378956188,7599482.239431189,10665.872255489023,5.972133053665039
LFUS,LFUS.json,501,501,501,0,False,,2024-08-14,2026-08-13,253.3,450.0,77.65495459928937,142.1,500.57,217380.64771477046,65766192.919019654,8903.245508982036,2.5130841094932315
LGIH,LGIH.json,501,501,501,0,False,,2024-08-14,2026-08-13,102.55,58.85,-42.613359336908815,33.55,125.83,342033.7393572276,20512389.74160752,9115.32135728543,3.4335068746453534
LGND,LGND.json,501,501,501,0,False,,2024-08-14,2026-08-13,102.62,288.82,181.44611186903137,93.58,326.63,191805.12877251898,36168328.03436532,6441.2654690618765,2.394341360129876
LH,LH.json,501,501,501,0,False,,2024-08-14,2026-08-13,223.93,322.59,44.058411110614905,209.375,325.58,670327.8013788363,171396664.50790527,18737.141716566864,1.4547387348562315
LHX,LHX.json,501,501,501,0,False,,2024-08-14,2026-08-13,226.46,288.46,27.377903382495795,193.09,379.23,1255612.5612531756,343536953.4856747,33328.932135728544,1.5724084488759191
LI,LI.json,501,501,501,0,False,,2024-08-14,2026-08-13,19.39,12.27,-36.71995874161939,11.65,33.12,5253190.108170549,118770323.22166745,40344.431137724554,3.253039016471324
LII,LII.json,501,501,501,0,False,,2024-08-14,2026-08-13,576.26,418.31,-27.409502655051543,411.405,689.44,419095.4995220479,230200703.18842313,16214.824351297406,2.3581706461446954
LILAK,LILAK.json,501,501,501,0,False,,2024-08-14,2026-08-13,8.6727,8.425,-2.8560886459810697,3.8455,9.7,1132087.6778635648,7589305.476759832,10178.043912175648,3.107395225541156
LIN,LIN.json,501,501,501,0,False,,2024-08-14,2026-08-13,451.66,478.2,5.876101492272934,387.78,548.2,2179057.6799723175,1010964266.7316113,46640.349301397204,1.1776106220526248
LIT,LIT.json,501,501,501,0,False,,2024-08-14,2026-08-13,35.97,74.66,107.5618571031415,31.44,91.98,335051.5835371976,19327231.57832599,4745.027944111776,2.1197249371139297
LITE,LITE.json,501,501,501,0,False,,2024-08-14,2026-08-13,46.37,880.41,1798.6629286176405,45.5,1085.68,3669545.732008679,1571121216.3576677,82858.2874251497,5.200544530950473
LIVN,LIVN.json,501,501,501,0,False,,2024-08-14,2026-08-13,44.2,82.2,85.97285067873304,32.48,85.76,662113.9660307984,37068394.66286341,12022.880239520959,2.539036137690743
LKQ,LKQ.json,501,501,501,0,False,,2024-08-14,2026-08-13,39.19,25.2,-35.69788211278387,21.17,44.82,2864832.5268332916,95351100.90359583,32965.33133732535,2.1393753581397905
LLY,LLY.json,501,501,501,0,False,,2024-08-14,2026-08-13,910.0,1209.0,32.857142857142854,623.78,1249.45,3596925.1037149127,3171793444.319168,122807.88822355289,2.3753973480997868
LMT,LMT.json,501,501,501,0,False,,2024-08-14,2026-08-13,558.08,598.01,7.154888188073394,410.11,692.0,1456362.7369206627,743638044.0796932,53083.72055888223,1.7066818862994468
LNC,LNC.json,501,501,501,0,False,,2024-08-14,2026-08-13,29.63,45.28,52.81808977387783,27.58,47.665,1815288.3527763432,66538014.19352867,23760.20758483034,2.395897972308602
LNG,LNG.json,501,501,501,0,False,,2024-08-14,2026-08-13,181.93,266.48,46.473918540097834,175.14,300.89,2046006.4822932733,469312804.8620233,39733.13173652695,1.8544170183211268
LNT,LNT.json,501,501,501,0,False,,2024-08-14,2026-08-13,56.13,70.2,25.06680919294495,55.98,78.81,2033067.842044501,134352435.73579928,30383.469061876247,1.1176539392002196
LOGI,LOGI.json,501,501,501,0,False,,2024-08-14,2026-08-13,88.77,104.53,17.753745634786533,64.73,129.66,800270.657535533,76372568.92590842,16282.582834331337,2.3016248494405747
LOPE,LOPE.json,501,501,501,0,False,,2024-08-14,2026-08-13,142.64,145.31,1.8718452047111755,130.69,223.04,253379.89712544312,42774314.935139276,8764.860279441118,1.969748858899757
LOW,LOW.json,501,501,501,0,False,,2024-08-14,2026-08-13,235.83,218.22,-7.467243353262953,199.4,293.06,2705001.17719081,653699149.2978604,52326.393213572854,1.6123086201758423
LPLA,LPLA.json,501,501,501,0,False,,2024-08-14,2026-08-13,203.47,374.96,84.28269523762717,202.2,403.575,834999.2446197006,270039762.0815683,21453.91616766467,2.284586688780252
LPX,LPX.json,501,501,501,0,False,,2024-08-14,2026-08-13,95.55,74.14,-22.407116692830975,66.12,122.87,870458.9185651038,76648059.87495145,16004.319361277445,2.4612879660019846
LQDA,LQDA.json,501,501,501,0,False,,2024-08-14,2026-08-13,13.65,72.1,428.2051282051282,8.26,93.61,1725540.4494649123,51666545.268522486,22321.928143712576,4.216717432559097
LQDT,LQDT.json,501,501,501,0,False,,2024-08-14,2026-08-13,22.77,42.94,88.58146684233641,21.0,43.82,228194.30885387026,6812479.49957409,5537.502994011976,2.7025552870110414
LRCX,LRCX.json,501,501,501,0,False,,2024-08-14,2026-08-13,84.876,337.01,297.06159573966727,56.32,438.5,11669492.873860838,1746661196.6337354,143581.10978043912,3.542694935838668
LRN,LRN.json,501,501,501,0,False,,2024-08-14,2026-08-13,82.64,83.67,1.246369796708624,60.6147,171.17,1020115.5049446088,101358044.70003197,18849.766467065867,3.90034182354302
LSAK,LSAK.json,501,501,501,0,False,,2024-08-14,2026-08-13,4.452,4.83,8.490566037735858,3.39,5.602,57905.30105714571,274614.93714299117,482.72854291417167,2.5325867756832974
LSCC,LSCC.json,501,501,501,0,False,,2024-08-14,2026-08-13,48.35,128.43,165.62564632885213,34.685,157.01,2320224.5957608502,167668120.25698727,33355.015968063875,3.755576022322075
LSTR,LSTR.json,501,501,501,0,False,,2024-08-14,2026-08-13,187.23,188.64,0.753084441595897,119.32,228.46,403931.06182051095,64106071.0061661,11219.291417165668,2.026604406683326
LTH,LTH.json,501,501,501,0,False,,2024-08-14,2026-08-13,22.34,44.31,98.34377797672337,21.49,47.235,2350865.3952762256,69427153.85338913,26584.32135728543,2.426253320631345
LULU,LULU.json,501,501,501,0,False,,2024-08-14,2026-08-13,243.0,119.56,-50.79835390946502,104.44,423.32,3123186.101278687,663254082.1604732,65805.51097804391,2.928592945594871
LUNR,LUNR.json,501,501,501,0,False,,2024-08-14,2026-08-13,3.61,17.56,386.4265927977839,3.515,46.75,12310312.396290746,186810660.53708532,88156.3612774451,7.460402662702646
LUV,LUV.json,501,501,501,0,False,,2024-08-14,2026-08-13,25.5,44.87,75.96078431372548,23.815,55.11,9349948.41157108,329082739.61096966,77480.13373253493,2.68294309078319
LVS,LVS.json,501,501,501,0,False,,2024-08-14,2026-08-13,39.43,45.77,16.079127567841756,30.18,70.4545,5416592.872853142,268887756.092531,58253.46906187625,2.3030338034172138
LW,LW.json,501,501,501,0,False,,2024-08-14,2026-08-13,59.28,53.78,-9.278002699055332,37.62,83.9814,2327932.109196325,127515925.66587383,31143.84231536926,2.6710239318103692
LYB,LYB.json,501,501,501,0,False,,2024-08-14,2026-08-13,96.76,62.4,-35.510541546093435,41.58,99.36,4652993.398694985,290824890.3460385,56533.49900199601,2.55887952722666
LYFT,LYFT.json,501,501,501,0,False,,2024-08-14,2026-08-13,10.24,17.13,67.28515624999997,9.66,25.54,16311916.460879724,253528385.76818544,83800.12175648703,3.54635994305958
LYV,LYV.json,501,501,501,0,False,,2024-08-14,2026-08-13,91.93,186.06,102.39312520395951,91.58,188.1,2552987.82335395,371374923.3214488,38210.71457085828,1.9041047000021067
M,M.json,501,501,501,0,False,,2024-08-14,2026-08-13,16.16,23.84,47.524752475247524,9.7601,26.585,6978383.0991463335,118611054.63372482,47118.51896207585,2.976082711977943
MA,MA.json,501,501,501,0,False,,2024-08-14,2026-08-13,459.26,567.04,23.46818795453556,456.07,601.77,2984649.144916369,1593304382.8015385,73957.15968063872,1.3866065088362893
MAA,MAA.json,501,501,501,0,False,,2024-08-14,2026-08-13,153.0,134.2,-12.287581699346417,120.3,173.376,897364.6866929302,128733381.84980008,17032.061876247506,1.2644424352637174
MAMA,MAMA.json,501,501,501,0,False,,2024-08-14,2026-08-13,8.205,16.99,107.06886045094453,5.5,21.0,369547.6102002056,4412152.707789188,5379.558882235529,3.2970251067828524
MAN,MAN.json,501,501,501,0,False,,2024-08-14,2026-08-13,71.5,59.09,-17.356643356643353,25.15,75.57,983379.0937804929,41114359.9910137,16031.608782435129,3.288374240082236
MANH,MANH.json,501,501,501,0,False,,2024-08-14,2026-08-13,250.79,200.92,-19.885162885282515,119.06,312.5999,665566.3386932355,124586587.46686459,16256.239520958085,2.8888130509065513
MAR,MAR.json,501,501,501,0,False,,2024-08-14,2026-08-13,217.0,352.53,62.456221198156655,205.4,410.98,1551095.83049694,453502289.7095464,37430.249500998005,1.7535708780168608
MARA,MARA.json,501,501,501,0,False,,2024-08-14,2026-08-13,15.78,9.21,-41.63498098859315,6.66,30.28,46573823.49444315,711155550.5645258,173179.48303393213,5.482704833692896
MAS,MAS.json,501,501,501,0,False,,2024-08-14,2026-08-13,74.68,74.58,-0.13390465988217803,56.55,86.7,2220578.5414896742,155808245.68613303,34059.656686626746,2.0581929539123185
MAT,MAT.json,501,501,501,0,False,,2024-08-14,2026-08-13,18.94,14.88,-21.436114044350585,12.7277,22.48,4037898.4251330877,71169331.21996881,34997.64271457086,2.5419768134960252
MATX,MATX.json,501,501,501,0,False,,2024-08-14,2026-08-13,130.0,213.76,64.43076923076923,86.97,230.74,334494.16363508784,45221279.67739992,9534.754491017964,2.567852516803313
MBLY,MBLY.json,501,501,501,0,False,,2024-08-14,2026-08-13,14.8,8.9,-39.86486486486487,6.47,22.51,6160976.504081227,79203955.34896196,42788.64870259481,4.028270575301143
MBUU,MBUU.json,501,501,501,0,False,,2024-08-14,2026-08-13,35.56,29.16,-17.997750281214852,23.84,47.82,224112.16646425746,7040268.846966203,5147.874251497006,3.0909555082262745
MCD,MCD.json,501,501,501,0,False,,2024-08-14,2026-08-13,269.86,272.25,0.885644408211661,260.96,341.75,3528891.5651397887,1054807977.6347775,79069.0259481038,1.1666862851667537
MCFT,MCFT.json,501,501,501,0,False,,2024-08-14,2026-08-13,19.82,24.67,24.470232088799193,14.385,28.44,129535.13833867267,2668830.0784488316,3205.77245508982,2.8623348642677975
MCHI,MCHI.json,501,501,501,0,False,,2024-08-14,2026-08-13,41.83,54.42,30.098015778149655,40.25,67.37,3345951.433431615,184165631.80217713,21928.245508982036,1.7842410268472826
MCHP,MCHP.json,501,501,501,0,False,,2024-08-14,2026-08-13,79.12,77.69,-1.80738119312438,34.125,105.91,9344842.374568846,639181096.9479747,106890.2874251497,3.4272235080150475
MCK,MCK.json,501,501,501,0,False,,2024-08-14,2026-08-13,553.03,856.69,54.90841364844585,464.415,999.0,890537.5529773933,636239121.1976265,28669.94011976048,1.8095635028198438
MCO,MCO.json,501,501,501,0,False,,2024-08-14,2026-08-13,464.39,488.42,5.174530028639723,378.71,546.88,880091.3781556926,415642342.4687312,27689.35129740519,1.6982648486105565
MDB,MDB.json,501,501,501,0,False,,2024-08-14,2026-08-13,243.0,472.29,94.35802469135804,140.78,472.32,2052807.4250277805,571334279.1952852,49018.22355289421,4.343914918596636
MDLZ,MDLZ.json,501,501,501,0,False,,2024-08-14,2026-08-13,70.67,63.53,-10.10329701429178,51.2008,76.06,8779703.610416058,543669415.0041239,82994.4251497006,1.418317659398719
MDT,MDT.json,501,501,501,0,False,,2024-08-14,2026-08-13,81.42,90.58,11.250307049864894,73.31,106.33,7646490.2171391295,678488348.6603664,80263.82235528942,1.4072658977653867
MDU,MDU.json,501,501,501,0,False,,2024-08-14,2026-08-13,13.5014,20.29,50.28071162990504,13.3878,22.98,2164206.255772234,39237230.749231234,19056.646706586827,1.542174680893163
MDY,MDY.json,501,501,501,0,False,,2024-08-14,2026-08-13,541.56,714.6,31.952138267228026,458.82,715.45,892493.6174149602,530539865.4800761,15619.205588822355,1.1765028626879634
MELI,MELI.json,501,501,501,0,False,,2024-08-14,2026-08-13,1921.68,1828.25,-4.861891678114983,1495.0,2645.22,452837.59174403996,909691350.0387555,36076.576846307384,2.490568913358972
MET,MET.json,501,501,501,0,False,,2024-08-14,2026-08-13,70.4,97.47,38.451704545454525,65.21,100.93,3496129.987686306,280179492.4034551,44524.161676646705,1.6668793211415345
META,META.json,501,501,501,0,False,,2024-08-14,2026-08-13,528.06,594.97,12.670908608870214,479.8,796.25,15213214.052684845,9604335292.311197,370623.9261477046,2.3651730061418763
MFG,MFG.json,501,501,501,0,False,,2024-08-14,2026-08-13,3.98,10.99,176.13065326633168,3.915,11.06,3027347.4458252257,21398413.261162978,9264.724550898203,2.1369114346771205
MGM,MGM.json,501,501,501,0,False,,2024-08-14,2026-08-13,38.28,44.07,15.125391849529768,25.3,51.59,4704239.663961142,169855696.05059022,50897.844311377245,2.556319164292806
MHK,MHK.json,501,501,501,0,False,,2024-08-14,2026-08-13,147.55,139.12,-5.713317519484928,92.99,164.289,840172.6074239721,99629861.2718046,17526.071856287424,2.431701078523293
MHO,MHO.json,501,501,501,0,False,,2024-08-14,2026-08-13,145.94,154.26,5.700973002603815,100.22,176.18,267565.63461717364,36413476.909159206,8314.808383233532,2.224583536041144
MIDD,MIDD.json,501,501,501,0,False,,2024-08-14,2026-08-13,137.13,117.02,-14.664916502588788,110.82,182.73,728012.4051425828,104062961.84808539,15124.087824351298,2.640715405249009
MINT,MINT.json,501,501,501,0,False,,2024-08-14,2026-08-13,100.39,100.62,0.22910648470964023,100.04,100.82,1419234.8595156046,142587314.751375,4929.403193612775,0.08423048217301199
MKC,MKC.json,501,501,501,0,False,,2024-08-14,2026-08-13,77.78,54.45,-29.99485728979172,44.82,86.24,2819458.4281595093,183886533.65866825,36101.2255489022,1.6623207354895913
MKTX,MKTX.json,501,501,501,0,False,,2024-08-14,2026-08-13,240.86,162.6,-32.491904010628595,108.75,296.68,626059.5103574112,117395610.64300817,16079.199600798403,2.178139654326026
MLAB,MLAB.json,501,501,501,0,False,,2024-08-14,2026-08-13,127.02,113.2,-10.88017635018107,55.45,155.12,105117.06976020958,9761927.039896067,4257.666666666667,3.5944053448968027
MLM,MLM.json,501,501,501,0,False,,2024-08-14,2026-08-13,531.3,544.76,2.533408620365152,441.945,710.97,474549.20304707583,271339880.8139609,18158.309381237526,1.6583779719309935
MMM,MMM.json,501,501,501,0,False,,2024-08-14,2026-08-13,124.97,182.65,46.15507721853245,121.9771,184.895,3588801.172225078,537451113.0289814,57003.884231536926,1.7443465570735086
MMS,MMS.json,501,501,501,0,False,,2024-08-14,2026-08-13,87.63,56.06,-36.02647495150062,52.73,100.0,631430.5117652594,47126095.96676665,12064.309381237525,2.005952927703697
MNDY,MNDY.json,501,501,501,0,False,,2024-08-14,2026-08-13,260.0,94.29,-63.73461538461538,57.5,342.64,1257972.069622501,198465085.9339402,23537.457085828344,4.03388204329662
MNKD,MNKD.json,501,501,501,0,False,,2024-08-14,2026-08-13,4.985,3.73,-25.175526579739227,2.23,7.63,3762822.8455071296,17432498.46992228,17770.82035928144,3.760378390521965
MNST,MNST.json,501,501,501,0,False,,2024-08-14,2026-08-13,23.14,46.68,101.72860847018148,22.85,50.17,11560232.828654233,386211269.4338374,64763.756487025945,1.5678083003212253
MNTK,MNTK.json,501,501,501,0,False,,2024-08-14,2026-08-13,4.39,1.88,-57.1753986332574,1.07,6.04,228262.5870256048,551274.7853789026,2457.5329341317365,4.843645628811674
MO,MO.json,501,501,501,0,False,,2024-08-14,2026-08-13,50.99,65.08,27.632869190037248,48.86,77.06,8834596.484387472,536727920.89371616,85444.22355289421,1.4459314838148702
MOAT,MOAT.json,501,501,501,0,False,,2024-08-14,2026-08-13,90.64,114.31,26.114298323036177,75.43,114.42,834978.2363939103,81275616.5538748,13082.620758483034,1.0521302902825183
MOD,MOD.json,501,501,501,0,False,,2024-08-14,2026-08-13,104.61,203.51,94.54163081923332,64.79,323.25,1111372.2010105008,173506729.33425897,22557.622754491018,4.37966824014813
MOH,MOH.json,501,501,501,0,False,,2024-08-14,2026-08-13,339.36,205.71,-39.38295615275813,121.06,365.23,1172440.0883741535,242940043.8355035,25196.219560878242,3.3416025466987715
MORN,MORN.json,501,501,501,0,False,,2024-08-14,2026-08-13,310.15,206.89,-33.29356762856682,141.49,365.0,327635.03245994414,73837366.81956439,9750.566866267465,2.0867126102340277
MOS,MOS.json,501,501,501,0,False,,2024-08-14,2026-08-13,27.98,21.78,-22.158684774839166,19.795,38.23,6347217.8220324665,170987641.56042835,56650.930139720556,2.600519674423587
MP,MP.json,501,501,501,0,False,,2024-08-14,2026-08-13,11.61,55.66,379.41429801894924,11.27,100.2505,7844534.744674499,409054530.3246226,85730.8263473054,5.2567636997811
MPC,MPC.json,501,501,501,0,False,,2024-08-14,2026-08-13,176.62,356.37,101.77216623258975,115.1,357.195,2468627.4497447386,455919424.35911345,42614.45708582834,2.203904526162909
MPLX,MPLX.json,501,501,501,0,False,,2024-08-14,2026-08-13,40.85,58.82,43.99020807833538,40.73,60.95,1649635.717624437,85790734.52351077,14531.700598802396,1.1999762243472094
MPWR,MPWR.json,501,501,501,0,False,,2024-08-14,2026-08-13,865.3,1362.55,57.4656188605108,438.86,1714.0899,748755.0824119541,685367125.1441553,32054.145708582833,3.6898443020232476
MRCY,MRCY.json,501,501,501,0,False,,2024-08-14,2026-08-13,40.48,109.79,171.22035573122534,32.32,128.45,618258.5691883133,41376559.5490578,12734.003992015969,3.425353885079943
MRK,MRK.json,501,501,501,0,False,,2024-08-14,2026-08-13,113.66,135.55,19.259194087629794,73.31,135.68,12599314.152667817,1238004364.860991,125539.54291417166,1.7218344584550085
MRNA,MRNA.json,501,501,501,0,False,,2024-08-14,2026-08-13,82.75,63.65,-23.08157099697885,22.28,91.99,9382127.63879994,364972557.097647,96517.69860279441,4.283814740027797
MRVI,MRVI.json,501,501,501,0,False,,2024-08-14,2026-08-13,8.49,5.78,-31.91990577149587,1.665,9.95,2061188.937469996,8888946.131062815,12484.590818363273,4.891184991854209
MRVL,MRVL.json,501,501,501,0,False,,2024-08-14,2026-08-13,64.35,222.18,245.2680652680653,47.085,329.88,20920598.197851993,2689095140.0526166,244699.71656686626,4.705864201688718
MS,MS.json,501,501,501,0,False,,2024-08-14,2026-08-13,97.76,218.38,123.38379705400979,94.09,232.25,6260450.195381487,945074462.3889843,88271.20558882235,1.93302891307117
MSA,MSA.json,501,501,501,0,False,,2024-08-14,2026-08-13,178.98,189.77,6.028606548217685,127.86,208.92,227543.25592412773,38395410.89978608,7289.301397205589,1.5366429211489372
MSBI,MSBI.json,501,501,501,0,False,,2024-08-14,2026-08-13,21.15,33.63,59.00709219858158,14.24,35.1,135943.9624334591,2976614.6528715603,3575.0958083832334,2.272876567887611
MSCI,MSCI.json,501,501,501,0,False,,2024-08-14,2026-08-13,546.29,575.24,5.299383111534173,486.735,644.77,601206.2483964252,342818163.4738145,22306.97604790419,1.760021842517832
MSEX,MSEX.json,501,501,501,0,False,,2024-08-14,2026-08-13,61.55,58.87,-4.354183590576765,44.17,70.73,139983.85050565068,7813003.171318494,3905.0419161676646,1.9786123504539428
MSFT,MSFT.json,501,501,501,0,False,,2024-08-14,2026-08-13,414.8,496.88,19.787849566055925,344.79,555.45,26505450.700187974,11516966446.805082,528491.24750499,1.8115404708826512
MSI,MSI.json,501,501,501,0,False,,2024-08-14,2026-08-13,411.2,465.04,13.09338521400778,359.36,507.82,987055.9033507206,423528989.6689146,27434.944111776447,1.5190638753321477
MSTR,MSTR.json,501,501,501,0,False,,2024-08-14,2026-08-13,136.37,97.1,-28.796656156046062,81.81,543.0,18134782.98324843,4439474266.161778,303751.76646706584,5.323897435132297
MTB,MTB.json,501,501,501,0,False,,2024-08-14,2026-08-13,160.75,253.25,57.54276827371696,150.75,255.675,1151892.407596056,228693889.0644897,24475.087824351296,1.6315327622575613
MTCH,MTCH.json,501,501,501,0,False,,2024-08-14,2026-08-13,34.53,37.28,7.964089197799007,26.39,41.4,4317602.908509632,143937013.93411875,45157.694610778446,2.2461257842361624
MTD,MTD.json,501,501,501,0,False,,2024-08-14,2026-08-13,1428.46,1430.76,0.16101255897960076,946.69,1525.17,157912.90469539523,199654088.04943123,11873.840319361278,2.0822252911256585
MTDR,MTDR.json,501,501,501,0,False,,2024-08-14,2026-08-13,55.9,51.6,-7.692307692307687,35.19,66.8387,1708399.807312551,84868100.94931187,25103.127744510977,2.7784438092324883
MTG,MTG.json,501,501,501,0,False,,2024-08-14,2026-08-13,23.31,30.84,32.30373230373231,21.94,31.89,1931834.2145401936,50787213.24846155,22660.938123752494,1.5143268886811003
MTN,MTN.json,501,501,501,0,False,,2024-08-14,2026-08-13,170.47,145.42,-14.694667683463368,118.51,199.45,713693.0789617365,107911779.93294716,16709.497005988025,2.2420288129436297
MTSI,MTSI.json,501,501,501,0,False,,2024-08-14,2026-08-13,103.66,307.06,196.21840632838126,84.0,418.9,986259.5900477285,199542449.42491788,20496.670658682633,3.45235808425286
MTUM,MTUM.json,501,501,501,0,False,,2024-08-14,2026-08-13,190.31,316.03,66.06063790657346,171.515,345.59,1024397.8896827325,254284108.46637848,16528.818363273454,1.5478909326109525
MTZ,MTZ.json,501,501,501,0,False,,2024-08-14,2026-08-13,109.23,286.11,161.93353474320242,96.01,441.43,990301.6788514431,212540352.34177235,22356.035928143712,3.015554686018641
MU,MU.json,501,501,501,0,False,,2024-08-14,2026-08-13,101.0,949.83,840.4257425742575,61.54,1255.0,30322687.886008922,11481794166.74378,500446.6886227545,4.538584843884145
MUB,MUB.json,501,501,501,0,False,,2024-08-14,2026-08-13,107.94,106.16,-1.649064294978697,100.29,109.0,4369727.193477727,462947788.4509459,16860.516966067866,0.2512458868513602
MUR,MUR.json,501,501,501,0,False,,2024-08-14,2026-08-13,37.16,34.79,-6.377825618945099,18.945,43.34,2322560.265829208,69430624.55747913,28738.103792415168,3.0488768914230273
MWA,MWA.json,501,501,501,0,False,,2024-08-14,2026-08-13,20.0,25.51,27.550000000000008,19.23,31.0,1391951.2556304072,35173439.042075075,15710.295409181637,1.9980118142658791
MXL,MXL.json,501,501,501,0,False,,2024-08-14,2026-08-13,12.09,76.65,533.9950372208438,8.35,128.3,1994095.1426669841,82478718.39991891,25849.319361277445,6.44359983962549
MYGN,MYGN.json,501,501,501,0,False,,2024-08-14,2026-08-13,28.3,3.17,-88.79858657243817,2.74,29.3,1461029.845094034,11084923.98461878,13911.540918163673,5.1551488105244605
NAT,NAT.json,501,501,501,0,False,,2024-08-14,2026-08-13,3.54,6.61,86.72316384180792,2.13,6.73,3049220.2644394212,12363137.58692422,11826.2375249501,2.3438409418185286
NBR,NBR.json,501,501,501,0,False,,2024-08-14,2026-08-13,84.19,91.35,8.504572989666226,23.27,112.9,394811.0859516407,22051004.489282794,8621.183632734532,4.170227777625138
NCLH,NCLH.json,501,501,501,0,False,,2024-08-14,2026-08-13,15.64,19.55,25.0,14.21,29.29,15954123.905821787,335851243.6776784,88397.86027944111,3.3481093746234327
NCNO,NCNO.json,501,501,501,0,False,,2024-08-14,2026-08-13,33.63,20.66,-38.566755872732685,13.8,43.2,2086951.446256547,49578355.60420542,25779.590818363275,2.899861980634656
NDAQ,NDAQ.json,501,501,501,0,False,,2024-08-14,2026-08-13,69.0,97.59,41.43478260869566,64.84,101.785,3384812.1722902576,287860853.49607384,49376.26746506986,1.590006196748787
NDSN,NDSN.json,501,501,501,0,False,,2024-08-14,2026-08-13,238.98,309.99,29.713783580215924,165.03,315.68,358989.41323599406,87061354.09380062,12335.954091816368,1.5941666414670006
NEE,NEE.json,501,501,501,0,False,,2024-08-14,2026-08-13,78.0,86.01,10.269230769230786,61.72,98.75,10645891.27955807,842893537.2143314,105781.33333333333,1.5935077560899082
NEM,NEM.json,501,501,501,0,False,,2024-08-14,2026-08-13,48.87,114.19,133.6607325557602,36.86,134.88,10326107.865488661,754686043.3919758,106178.76646706587,2.7496780739991027
NEO,NEO.json,501,501,501,0,False,,2024-08-14,2026-08-13,16.54,16.39,-0.9068923821039854,4.72,19.115,2012273.7645671796,20765128.767315626,18664.690618762474,4.219635151623941
NEOG,NEOG.json,501,501,501,0,False,,2024-08-14,2026-08-13,16.7,11.89,-28.802395209580833,3.8701,17.955,3749254.948938531,29164613.46341309,24938.14371257485,3.9194752430036885
NET,NET.json,501,501,501,0,False,,2024-08-14,2026-08-13,82.3,330.83,301.98055893074115,74.88,332.22,3416326.464773138,605045707.0354333,57868.91816367266,3.55699991314367
NFE,NFE.json,501,501,501,0,False,,2024-08-14,2026-08-13,13.28,0.3256,-97.54819277108435,0.318,16.66,9771137.815047536,34811849.93963003,33073.077844311374,7.789012502433107
NFG,NFG.json,501,501,501,0,False,,2024-08-14,2026-08-13,58.64,81.51,39.00068212824013,58.3,97.06,640093.7579368921,50601302.788681656,13671.804391217565,1.3005840707540726
NFLX,NFLX.json,501,501,501,0,False,,2024-08-14,2026-08-13,64.87,78.24,20.610451672575913,64.87,134.115,40000912.726313956,3806129619.944957,312310.1656686627,2.159321489185242
NI,NI.json,501,501,501,0,False,,2024-08-14,2026-08-13,31.64,42.08,32.99620733249051,31.395,49.21,4252727.180576531,175689275.5084437,40106.96207584831,1.1873363165861401
NIO,NIO.json,501,501,501,0,False,,2024-08-14,2026-08-13,3.915,4.5,14.942528735632177,3.02,8.02,52588764.53552457,275799637.6265076,79968.58483033933,4.014609728910228
NKE,NKE.json,501,501,501,0,False,,2024-08-14,2026-08-13,78.0,41.23,-47.14102564102565,40.0,90.62,17098098.532736387,1056520037.7933825,158440.33532934132,2.376963805511206
NLY,NLY.json,501,501,501,0,False,,2024-08-14,2026-08-13,19.87,23.39,17.715148465022644,16.595,24.52,7336438.7472317275,154203679.0487295,36321.305389221554,1.3250224220437614
NMR,NMR.json,501,501,501,0,False,,2024-08-14,2026-08-13,5.37,10.0,86.21973929236499,4.86,10.06,955578.1801687924,7115619.762480827,5059.137724550898,2.010155471403968
NMRK,NMRK.json,501,501,501,0,False,,2024-08-14,2026-08-13,12.53,15.3,22.106943335993634,9.645,19.835,1298202.4624106528,19391735.408519875,15939.858283433134,2.4300217442387617
NNN,NNN.json,501,501,501,0,False,,2024-08-14,2026-08-13,45.74,46.24,1.0931351114997767,35.8,50.0,1363653.1054712494,58765595.358153425,17923.033932135728,1.1781318732347046
NOC,NOC.json,501,501,501,0,False,,2024-08-14,2026-08-13,501.47,574.74,14.611043532015877,426.24,774.0,859584.2045171678,472068862.9150826,31055.546906187625,1.676351870437685
NOG,NOG.json,501,501,501,0,False,,2024-08-14,2026-08-13,38.9,24.45,-37.146529562982,17.18,44.31,2053658.7427837825,55280861.340293035,25627.037924151697,3.0913254562999213
NOK,NOK.json,501,501,501,0,False,,2024-08-14,2026-08-13,3.92,10.56,169.38775510204084,3.91,17.45,42269114.15122918,373689172.42378193,75495.38922155689,3.008218035108492
NOV,NOV.json,501,501,501,0,False,,2024-08-14,2026-08-13,17.81,20.64,15.889949466591812,10.84,21.55,4215602.105657461,67534881.94971971,32008.868263473054,2.5164893498747625
NOVT,NOVT.json,501,501,501,0,False,,2024-08-14,2026-08-13,177.99,167.25,-6.034046856564979,98.27,186.75,365734.564643006,48740222.89801165,9851.12375249501,2.862232147087011
NOW,NOW.json,501,501,501,0,False,,2024-08-14,2026-08-13,164.4,127.25,-22.59732360097324,81.24,239.618,12628594.600750972,1758874241.0637012,141055.15968063872,2.998932388304699
NRG,NRG.json,501,501,501,0,False,,2024-08-14,2026-08-13,82.19,119.75,45.698990144786464,76.13,189.96,2730872.552686583,357005995.22984487,43572.12574850299,3.2347181629960113
NSC,NSC.json,501,501,501,0,False,,2024-08-14,2026-08-13,239.35,337.85,41.15312304157093,201.63,358.595,1371639.5337660578,377070099.67052513,28325.998003992016,1.5061982576961823
NTAP,NTAP.json,501,501,501,0,False,,2024-08-14,2026-08-13,126.28,204.99,62.32974342730442,71.8378,209.06,2184833.883703413,260120824.0366858,35140.199600798405,2.546822761049053
NTES,NTES.json,501,501,501,0,False,,2024-08-14,2026-08-13,87.04,122.65,40.912224264705884,75.85,159.55,1102139.1453507964,120736478.53014018,18906.948103792416,2.3450838540120307
NTLA,NTLA.json,501,501,501,0,False,,2024-08-14,2026-08-13,22.81,11.83,-48.13678211310828,5.9,28.25,4583549.69411438,58979004.04367612,42193.209580838324,5.637042308381192
NTR,NTR.json,501,501,501,0,False,,2024-08-14,2026-08-13,46.48,67.47,45.1592082616179,43.695,85.3599,2553705.088077128,154114380.4668243,31019.29740518962,1.8794624243432823
NTRA,NTRA.json,501,501,501,0,False,,2024-08-14,2026-08-13,119.74,310.78,159.5456823116753,110.57,326.03,1358716.5261066926,247615147.51262903,26461.43113772455,3.0048384096632836
NTRS,NTRS.json,501,501,501,0,False,,2024-08-14,2026-08-13,83.87,190.48,127.11338976988196,81.62,195.78,1267104.8019568643,158062738.17954826,24537.19760479042,1.7154022346883406
NU,NU.json,501,501,501,0,False,,2024-08-14,2026-08-13,12.68,13.93,9.85804416403786,9.01,18.98,52145110.14546707,715740265.3665746,108863.75648702595,2.7052374598803284
NUE,NUE.json,501,501,501,0,False,,2024-08-14,2026-08-13,142.81,272.29,90.66591975351868,97.59,280.11,1914366.1579168662,294346882.5948106,36173.96606786427,2.2883259101904483
NUS,NUS.json,501,501,501,0,False,,2024-08-14,2026-08-13,9.5,4.85,-48.94736842105264,4.49,14.62,674284.7394704771,5259660.140910594,8293.249500998005,3.5389683166797496
NVAX,NVAX.json,501,501,501,0,False,,2024-08-14,2026-08-13,12.29,8.14,-33.767290480065085,5.01,15.22,5418976.255173765,46636920.56113607,34595.477045908185,4.682383523326612
NVCR,NVCR.json,501,501,501,0,False,,2024-08-14,2026-08-13,18.39,17.38,-5.4921152800435085,9.82,34.13,1451805.3480976745,23365823.364905223,18847.874251497007,5.095852680881338
NVDA,NVDA.json,501,501,501,0,False,,2024-08-14,2026-08-13,118.53,225.3,90.07846114907619,86.62,236.54,209485244.22093198,32378385735.62196,2156449.1976047903,2.846258595722499
NVMI,NVMI.json,501,501,501,0,False,,2024-08-14,2026-08-13,226.04,411.5,82.04742523447177,153.995,615.99,330961.7182094651,112018369.07822554,10988.600798403193,3.5995702813862085
NVO,NVO.json,501,501,501,0,False,,2024-08-14,2026-08-13,132.7,46.72,-64.79276563677467,35.12,139.735,13211451.143317524,764974697.7881539,121961.50698602795,3.0082765468464596
NVR,NVR.json,501,501,501,0,False,,2024-08-14,2026-08-13,8568.0,6375.0,-25.595238095238095,5501.01,9964.77,23660.514301922154,177393619.41038713,5449.924151696607,1.7193149882042866
NVT,NVT.json,501,501,501,0,False,,2024-08-14,2026-08-13,63.71,170.01,166.8497881023387,41.705,184.64,2070824.1296272697,200949868.3526469,30104.636726546905,2.8085110999849046
NVTS,NVTS.json,501,501,501,0,False,,2024-08-14,2026-08-13,3.12,13.66,337.82051282051276,1.52,34.17,21498023.43370149,227040076.86652973,89632.9121756487,10.6634789841767
NWSA,NWSA.json,501,501,501,0,False,,2024-08-14,2026-08-13,27.49,28.94,5.274645325572935,22.2,31.61,3623657.523780451,97777178.0334075,35167.54890219561,1.5375298339246326
NXE,NXE.json,501,501,501,0,False,,2024-08-14,2026-08-13,5.88,10.39,76.70068027210885,3.91,13.96,7866163.004008478,64210402.69992115,27557.968063872257,3.4945004435523277
NXPI,NXPI.json,501,501,501,0,False,,2024-08-14,2026-08-13,247.79,231.91,-6.4086524879938604,148.09,339.95,3000356.6463037385,691536317.7561905,50473.431137724554,3.0101553293495336
O,O.json,501,501,501,0,False,,2024-08-14,2026-08-13,60.38,62.95,4.2563762835375885,50.71,67.935,5609252.793329888,332296715.20348114,79981.249500998,1.100480673610811
ODD,ODD.json,501,501,501,0,False,,2024-08-14,2026-08-13,39.5,13.33,-66.25316455696202,9.2501,79.1804,1012230.6164334111,35018811.29119949,14214.21357285429,4.793682367722866
ODFL,ODFL.json,501,501,501,0,False,,2024-08-14,2026-08-13,195.02,215.73,10.619423648856507,126.01,252.03,1878836.833252523,337233819.07426965,35042.33133732535,2.468404302130912
OGE,OGE.json,501,501,501,0,False,,2024-08-14,2026-08-13,39.02,47.02,20.502306509482302,38.86,50.59,1261075.8218637784,56581269.11974786,18016.646706586827,1.1044709027370374
OGS,OGS.json,501,501,501,0,False,,2024-08-14,2026-08-13,66.77,81.01,21.326943237981144,66.32,90.78,486865.2588682136,37594804.03372209,10043.273453093812,1.2134882400698375
OHI,OHI.json,501,501,501,0,False,,2024-08-14,2026-08-13,37.62,46.01,22.301967038809156,35.04,52.39,2068981.966563517,85987990.49745366,23744.754491017964,1.3226103245275587
OI,OI.json,501,501,501,0,False,,2024-08-14,2026-08-13,11.91,6.84,-42.56926952141058,6.61,16.91,1929533.819703978,22541680.653255403,18734.518962075847,2.9863769327399607
OII,OII.json,501,501,501,0,False,,2024-08-14,2026-08-13,26.71,51.35,92.25009359790342,15.46,53.98,914888.4383557624,26267135.779264037,14531.602794411177,2.909839856482737
OKE,OKE.json,501,501,501,0,False,,2024-08-14,2026-08-13,85.67,92.64,8.135870199603135,64.02,118.07,3880306.2795797726,333152620.64953595,52994.0878243513,1.8646311937362208
OKTA,OKTA.json,501,501,501,0,False,,2024-08-14,2026-08-13,93.25,154.95,66.16621983914209,62.66,157.0,3274954.987950078,312170374.5461136,49519.35728542914,3.3653401586956524
OLED,OLED.json,501,501,501,0,False,,2024-08-14,2026-08-13,181.3,90.96,-49.82901268615555,76.42,215.9,668643.1190857126,87291810.58549362,16076.506986027944,2.7563409374877774
OLLI,OLLI.json,501,501,501,0,False,,2024-08-14,2026-08-13,87.84,77.69,-11.555100182149369,60.29,141.74,1294202.8544980977,132683437.80770475,23882.764471057882,2.5919807355193702
OLN,OLN.json,501,501,501,0,False,,2024-08-14,2026-08-13,41.48,19.06,-54.050144648023135,17.66,49.595,2339793.523099385,59810922.359395646,28285.954091816366,3.436516339756685
OMC,OMC.json,501,501,501,0,False,,2024-08-14,2026-08-13,94.81,88.36,-6.803079843898329,66.3346,107.0,3634425.606280369,286456774.5932359,45932.86427145709,2.0778639535513297
OMCL,OMCL.json,501,501,501,0,False,,2024-08-14,2026-08-13,41.67,37.64,-9.671226301895853,22.66,55.745,579744.2188595489,22206240.800148092,11259.688622754491,3.265155420466035
OMF,OMF.json,501,501,501,0,False,,2024-08-14,2026-08-13,45.75,65.29,42.710382513661216,38.0,71.93,1146534.9882312235,63469448.48928295,18835.265469061877,2.1633680808588553
OMFL,OMFL.json,501,501,501,0,False,,2024-08-14,2026-08-13,50.22,71.42,42.2142572680207,47.0,71.51,294132.2246582954,16812425.71186753,1726.6087824351298,0.9378229216005065
ON,ON.json,501,501,501,0,False,,2024-08-14,2026-08-13,73.05,81.56,11.649555099247099,31.04,134.92,9206394.274738776,601626004.8683393,107050.21357285429,3.772587993028832
ONB,ONB.json,501,501,501,0,False,,2024-08-14,2026-08-13,18.05,27.07,49.972299168975056,16.825,27.3599,3217897.669106675,72276256.45073184,28786.922155688622,2.0051461854317036
ONON,ONON.json,501,501,501,0,False,,2024-08-14,2026-08-13,41.33,31.59,-23.56641664650375,30.1122,64.05,5504503.878300678,245431801.05236778,56915.349301397204,3.0697475458160968
OPCH,OPCH.json,501,501,501,0,False,,2024-08-14,2026-08-13,30.57,24.07,-21.262675825973176,18.01,36.8,2095093.3578993913,58019468.89226726,25169.335329341317,2.587441653153532
OPK,OPK.json,501,501,501,0,False,,2024-08-14,2026-08-13,1.54,1.4,-9.090909090909093,0.9769,2.035,3335528.2503651297,4843455.975462994,9122.015968063872,2.93533920929618
OPRX,OPRX.json,501,501,501,0,False,,2024-08-14,2026-08-13,8.66,8.78,1.3856812933025209,3.78,22.25,352532.42578085634,3292003.780936107,4978.185628742515,5.641204042430628
ORA,ORA.json,501,501,501,0,False,,2024-08-14,2026-08-13,73.02,113.52,55.464256368118335,61.58,146.39,626331.8413299901,61487561.81635127,13335.021956087825,1.9095541441111072
ORCL,ORCL.json,501,501,501,0,False,,2024-08-14,2026-08-13,134.04,156.22,16.54729931363772,114.5,345.72,19384291.867955063,3675882025.3512917,286815.4231536926,3.5828764634848387
ORI,ORI.json,501,501,501,0,False,,2024-08-14,2026-08-13,33.93,42.76,26.024167403477747,33.0,46.76,1425142.957409617,55943027.484617464,20151.489021956088,1.4378057327416958
ORLY,ORLY.json,501,501,501,0,False,,2024-08-14,2026-08-13,74.0207,92.58,25.073121437651878,73.1067,108.715,5706156.001547332,515743777.6944117,53705.92614770459,1.450313253045795
OSCR,OSCR.json,501,501,501,0,False,,2024-08-14,2026-08-13,18.38,30.78,67.4646354733406,10.69,33.1,9998913.691970842,172706299.49236745,69115.87824351297,4.8740712253407645
OSK,OSK.json,501,501,501,0,False,,2024-08-14,2026-08-13,101.08,152.35,50.7222002374357,76.82,180.49,717238.1408506727,88934133.57597403,15582.960079840319,2.52904953973661
OTIS,OTIS.json,501,501,501,0,False,,2024-08-14,2026-08-13,92.35,73.03,-20.92041147807254,69.16,106.8284,2899475.4047577167,256165477.35803482,39277.76846307385,1.4447632366546277
OXM,OXM.json,501,501,501,0,False,,2024-08-14,2026-08-13,90.98,36.31,-60.090129698834915,30.5656,93.72,414834.3461333134,21364383.59109888,9183.584830339321,3.7700846617642774
OXY,OXY.json,501,501,501,0,False,,2024-08-14,2026-08-13,57.74,57.7,-0.06927606511949458,34.785,67.45,11957968.52340064,587500429.8565196,111920.28942115768,2.2183292645231183
OZK,OZK.json,501,501,501,0,False,,2024-08-14,2026-08-13,40.79,52.24,28.07060554057368,35.71,53.66,1178206.96554896,55211408.08892231,20164.734530938123,1.9012198914229714
PAA,PAA.json,501,501,501,0,False,,2024-08-14,2026-08-13,17.13,23.45,36.89433741973147,15.575,25.03,3134347.1945958743,59615962.00972192,18010.125748502993,1.5414891074393096
PAAS,PAAS.json,501,501,501,0,False,,2024-08-14,2026-08-13,19.72,47.3,139.8580121703854,18.5,69.99,5208806.5688985875,205511286.93619576,55016.28143712575,3.346868564149074
PACB,PACB.json,501,501,501,0,False,,2024-08-14,2026-08-13,1.53,1.15,-24.836601307189554,0.8511,2.73,8337194.485239239,13508172.891378142,17750.860279441116,5.905743571014898
PAG,PAG.json,501,501,501,0,False,,2024-08-14,2026-08-13,162.79,218.67,34.32643282756926,134.0517,227.0,252225.11010198004,42602625.07970788,8890.722554890219,1.7546614434669496
PAGP,PAGP.json,501,501,501,0,False,,2024-08-14,2026-08-13,18.39,25.49,38.60793909733549,16.605,26.775,1600181.453776537,32788104.72765176,13584.768463073853,1.4617873598206492
PALL,PALL.json,501,501,501,0,False,,2024-08-14,2026-08-13,17.17,23.84,38.84682585905648,16.478,39.4817,1384618.7371620398,34733520.08948385,4313.584830339321,2.7128435167473137
PANW,PANW.json,501,501,501,0,False,,2024-08-14,2026-08-13,167.995,396.0,135.72130122920325,139.5706,398.88,6810439.428674594,1355622795.5507607,110943.98003992016,2.470870287085707
PATH,PATH.json,501,501,501,0,False,,2024-08-14,2026-08-13,11.55,16.68,44.4155844155844,9.2002,19.84,23387502.82097144,295624128.10082257,80861.58083832335,3.6367085787486153
PATK,PATK.json,501,501,501,0,False,,2024-08-14,2026-08-13,83.7867,86.46,3.1906018496969057,72.99,148.5,386015.7971470978,37077196.55292606,8981.996007984031,2.265279858299236
PAYC,PAYC.json,501,501,501,0,False,,2024-08-14,2026-08-13,156.24,223.63,43.13236047107014,104.9,267.76,873088.074574541,149649810.86251232,20561.694610778442,2.7713250864598016
PAYO,PAYO.json,501,501,501,0,False,,2024-08-14,2026-08-13,7.09,7.14,0.7052186177715081,4.0801,11.29,3818074.496942421,26327724.21102006,20494.215568862277,3.1528267187861503
PAYX,PAYX.json,501,501,501,0,False,,2024-08-14,2026-08-13,125.355,125.4,0.03589804953931797,85.45,161.24,2697107.495743084,325417804.0194954,44072.746506986026,1.6352663610809508
PB,PB.json,501,501,501,0,False,,2024-08-14,2026-08-13,70.12,74.63,6.431831146605815,61.065,86.755,853736.1921559321,60203179.597969316,14748.183632734532,1.50194657281823
PBF,PBF.json,501,501,501,0,False,,2024-08-14,2026-08-13,36.8,74.36,102.06521739130436,13.615,74.74,3037458.498547018,98371332.3266791,35389.99600798403,3.9409440411975396
PBR,PBR.json,501,501,501,0,False,,2024-08-14,2026-08-13,14.83,17.89,20.633850303438983,11.0329,22.24,20540942.981937714,299631385.0874628,49589.76846307385,2.026595327630094
PCAR,PCAR.json,501,501,501,0,False,,2024-08-14,2026-08-13,92.66,130.72,41.07489747463846,84.6473,139.24,2917546.849225234,314924135.72022635,44709.467065868266,1.7790961653537087
PCG,PCG.json,501,501,501,0,False,,2024-08-14,2026-08-13,18.29,17.46,-4.53799890650628,12.97,21.72,21177310.735678084,353143437.3983942,67889.55489021956,1.737564861500167
PCTY,PCTY.json,501,501,501,0,False,,2024-08-14,2026-08-13,149.78,152.71,1.9562024302310022,92.99,223.8,596077.4254121616,90030693.63286668,14365.580838323353,2.2670760799287244
PDD,PDD.json,501,501,501,0,False,,2024-08-14,2026-08-13,144.9,84.17,-41.91166321601104,71.94,155.67,9652578.576119304,1062753593.0297245,105305.66067864271,2.995704431540492
PECO,PECO.json,501,501,501,0,False,,2024-08-14,2026-08-13,34.54,40.43,17.05269253039954,32.4,44.375,836864.2596207066,30991460.62828327,11927.748502994013,1.098307723204832
PEG,PEG.json,501,501,501,0,False,,2024-08-14,2026-08-13,79.95,75.93,-5.02814258911819,74.2,95.22,2788048.39408486,229365575.7621592,37214.349301397204,1.302703961021736
PENN,PENN.json,501,501,501,0,False,,2024-08-14,2026-08-13,19.01,18.85,-0.8416622830089482,11.65,23.08,3792172.6535419524,66213364.71046423,36190.84630738523,3.2370146661210843
PEP,PEP.json,501,501,501,0,False,,2024-08-14,2026-08-13,172.23,140.62,-18.35336468675608,127.6,179.73,7605745.702224128,1127680655.4152505,106275.42315369261,1.3474907556162534
PETS,PETS.json,501,501,501,0,False,,2024-08-14,2026-08-13,3.18,2.03,-36.16352201257863,1.57,6.85,544567.6648413852,1704505.4808693328,3340.1556886227545,5.3012580950670785
PFE,PFE.json,501,501,501,0,False,,2024-08-14,2026-08-13,28.8,26.8,-6.944444444444442,20.915,30.43,45744670.252449445,1170573438.603213,155580.41716566865,1.5317459613999607
PFG,PFG.json,501,501,501,0,False,,2024-08-14,2026-08-13,75.33,114.93,52.56869772998807,68.39,116.61,1361110.0628349,119014401.99771456,23623.35129740519,1.6066041066882433
PFGC,PFGC.json,501,501,501,0,False,,2024-08-14,2026-08-13,72.77,104.48,43.57564930603273,68.395,117.475,1469903.8568397826,135902966.0526299,21832.62874251497,1.7335144028569394
PFSI,PFSI.json,501,501,501,0,False,,2024-08-14,2026-08-13,98.64,79.48,-19.424168694241683,71.675,160.36,452893.55880646507,45602027.65735224,10393.399201596807,2.4948521171251214
PG,PG.json,501,501,501,0,False,,2024-08-14,2026-08-13,166.5,144.26,-13.357357357357358,137.62,180.43,8474918.819124836,1327193282.9790478,121827.1137724551,1.1979551951877772
PGNY,PGNY.json,501,501,501,0,False,,2024-08-14,2026-08-13,21.44,25.89,20.755597014925375,13.39,33.065,1568381.3144088085,33279789.412348498,20319.65469061876,3.51593928616099
PGR,PGR.json,501,501,501,0,False,,2024-08-14,2026-08-13,227.0,208.87,-7.986784140969161,189.2,292.99,3057946.0174707663,723441732.2094556,49548.36327345309,1.5988823559613685
PH,PH.json,501,501,501,0,False,,2024-08-14,2026-08-13,573.81,1058.87,84.53320785625904,488.45,1099.94,681199.3143232135,522603923.8244146,24384.67864271457,1.8236714158750507
PHM,PHM.json,501,501,501,0,False,,2024-08-14,2026-08-13,124.13,130.55,5.171997099814729,88.07,149.47,1974750.6927790658,237426413.06396374,33631.4750499002,2.1599030784470004
PI,PI.json,501,501,501,0,False,,2024-08-14,2026-08-13,156.78,178.81,14.051537185865538,60.85,247.0635,583700.2367300559,84167430.74850926,14496.22754491018,4.484142435236352
PINS,PINS.json,501,501,501,0,False,,2024-08-14,2026-08-13,29.78,23.32,-21.69241101410343,13.84,40.9,13351447.830945704,361201760.3180308,96324.66067864271,3.1659952781921117
PK,PK.json,501,501,501,0,False,,2024-08-14,2026-08-13,13.94,15.03,7.819225251076034,8.27,16.23,3898195.920595497,47074083.78905863,24688.89021956088,2.1572884393487186
PKG,PKG.json,501,501,501,0,False,,2024-08-14,2026-08-13,195.2,257.05,31.685450819672134,172.715,259.98,794167.5930798843,169104337.19885853,18444.58882235529,1.7022921543305412
PKOH,PKOH.json,501,501,501,0,False,,2024-08-14,2026-08-13,28.0,49.55,76.96428571428571,15.52,53.3,38872.54370925349,1097969.8509442701,1061.878243512974,2.802512834432299
PL,PL.json,501,501,501,0,False,,2024-08-14,2026-08-13,2.15,24.75,1051.1627906976746,1.76,51.76,8975303.93695263,161552934.17452225,65806.57684630739,6.321737621449586
PLD,PLD.json,501,501,501,0,False,,2024-08-14,2026-08-13,122.77,141.21,15.019956015313207,85.35,153.35,3944539.8048846605,478457572.53615683,48855.73253493014,1.631815440833926
PLMR,PLMR.json,501,501,501,0,False,,2024-08-14,2026-08-13,90.0,128.19,42.43333333333332,85.0,175.85,257175.80034325947,32272813.30962637,7827.528942115769,2.415507495072281
PLNT,PLNT.json,501,501,501,0,False,,2024-08-14,2026-08-13,79.78,49.1,-38.45575332163449,37.03,114.47,1582259.9389987963,134936026.53521666,25543.465069860278,2.5047973102768157
PLSE,PLSE.json,501,501,501,0,False,,2024-08-14,2026-08-13,16.71,44.92,168.82106523040096,12.56,46.97,227584.11556033735,4695030.075569531,3919.259481037924,5.01376237896499
PLTR,PLTR.json,501,501,501,0,False,,2024-08-14,2026-08-13,30.62,179.01,484.6178967994774,29.31,207.52,66917825.30718688,7740989960.641153,680587.9540918163,4.187527359133687
PLXS,PLXS.json,501,501,501,0,False,,2024-08-14,2026-08-13,120.11,264.04,119.831820830905,103.43,307.06,226150.6739517146,41170113.13338908,7637.88622754491,2.414088370960325
PM,PM.json,501,501,501,0,False,,2024-08-14,2026-08-13,117.32,188.91,61.021138765768846,116.12,207.76,5640954.04131197,889155643.5191131,69600.47904191617,1.7341035345343332
PNC,PNC.json,501,501,501,0,False,,2024-08-14,2026-08-13,168.31,255.2,51.624977719683905,145.12,258.13,2130674.0263707703,425774404.45640486,36968.85429141716,1.5179952616807613
PNR,PNR.json,501,501,501,0,False,,2024-08-14,2026-08-13,84.8,66.87,-21.143867924528294,57.6,113.95,1647693.972015024,150974860.34510285,25154.22355289421,1.89384887508617
PNW,PNW.json,501,501,501,0,False,,2024-08-14,2026-08-13,85.88,100.72,17.27992547741035,81.4733,111.16,1190410.7727041757,110993420.96765146,19470.319361277445,1.0802286087974604
PODD,PODD.json,501,501,501,0,False,,2024-08-14,2026-08-13,193.24,146.44,-24.218588283999175,126.4,354.88,881709.2939430878,209522191.73587805,22521.918163672653,2.619870827157565
POOL,POOL.json,501,501,501,0,False,,2024-08-14,2026-08-13,348.61,200.57,-42.46579271965808,172.68,395.5971,621489.77085704,164805981.89583635,19342.05988023952,2.097488084908774
POR,POR.json,501,501,501,0,False,,2024-08-14,2026-08-13,46.46,50.33,8.329746018080053,39.545,54.62,1157086.6414801218,53920057.045625694,16690.493013972056,1.2071746727110675
POWL,POWL.json,501,501,501,0,False,,2024-08-14,2026-08-13,53.9533,204.04,278.17890657290656,48.6745,328.0,974158.2809318582,109222711.07752453,15208.295409181637,4.144502123119591
PPC,PPC.json,501,501,501,0,False,,2024-08-14,2026-08-13,44.29,27.6,-37.68344998871077,25.9001,57.16,1324406.4321742814,55398543.108302645,20372.666666666668,2.1236456988094785
PPG,PPG.json,501,501,501,0,False,,2024-08-14,2026-08-13,119.21,114.73,-3.7580739870816116,90.24,137.24,1942568.9650695967,218751869.0133891,30907.878243512972,1.8613924405799824
PPH,PPH.json,501,501,501,0,False,,2024-08-14,2026-08-13,95.29,111.52,17.032217441494367,77.67,114.57,352790.4927567465,33536687.825398732,3274.88622754491,1.1095280200307016
PPL,PPL.json,501,501,501,0,False,,2024-08-14,2026-08-13,30.84,35.68,15.693904020752258,30.76,40.105,6410711.268623643,227616896.44998917,46096.13173652695,1.1276816207509346
PPLT,PPLT.json,501,501,501,0,False,,2024-08-14,2026-08-13,8.549,15.54,81.77564627441807,8.235,26.162,3895887.836336068,61042797.564010456,5952.029940119761,2.5387198709461307
PRAX,PRAX.json,501,501,501,0,False,,2024-08-14,2026-08-13,54.43,368.46,576.9428623920633,26.7,388.0,507406.03744247503,83757152.68451004,11367.339321357285,9.572716461427003
PRCT,PRCT.json,501,501,501,0,False,,2024-08-14,2026-08-13,64.86,21.95,-66.15787850755474,16.665,103.8099,1204774.0933790677,51533487.91530108,19676.94011976048,4.072327028219859
PRGS,PRGS.json,501,501,501,0,False,,2024-08-14,2026-08-13,56.46,44.73,-20.775770456960686,23.82,70.555,758288.5236017146,35563808.151645705,13918.620758483034,2.801850506841905
PRI,PRI.json,501,501,501,0,False,,2024-08-14,2026-08-13,253.54,312.68,23.325707975072962,230.09,327.28,179952.0643470599,48859874.02718376,7963.688622754491,1.4795330583479835
PRIM,PRIM.json,501,501,501,0,False,,2024-08-14,2026-08-13,53.21,80.87,51.982710016914126,48.335,205.5,1033286.1426089002,104453681.37640028,18417.195608782436,4.179363748509086
PRU,PRU.json,501,501,501,0,False,,2024-08-14,2026-08-13,109.57,124.75,13.854157159806512,90.38,130.5515,1800597.4661071177,195650892.07863253,31015.50499001996,1.5939971602567098
PSA,PSA.json,501,501,501,0,False,,2024-08-14,2026-08-13,316.14,328.72,3.9792496995002313,256.54,369.988,918290.2822489141,275850669.0410207,23605.467065868263,1.4664754933074013
PSN,PSN.json,501,501,501,0,False,,2024-08-14,2026-08-13,92.73,47.59,-48.678960422732665,36.26,114.68,1257759.868626932,88402580.43123357,20249.9500998004,3.032679307599834
PSX,PSX.json,501,501,501,0,False,,2024-08-14,2026-08-13,135.27,232.61,71.95978413543283,91.01,232.89,2895991.6703734873,402223062.0288497,44652.650698602796,2.119445345226406
PTC,PTC.json,501,501,501,0,False,,2024-08-14,2026-08-13,171.99,153.89,-10.523867666724819,108.5,219.69,1077203.8592687724,176621404.08454052,21564.60878243513,2.109606254646769
PUBM,PUBM.json,501,501,501,0,False,,2024-08-14,2026-08-13,14.0,17.28,23.428571428571445,6.15,18.4395,605376.2940368424,6543954.191941553,9484.46506986028,4.1658346131241375
PULS,PULS.json,501,501,501,0,False,,2024-08-14,2026-08-13,49.6,49.62,0.04032258064514682,49.34,49.84,2357732.1103218463,117072470.27854255,4860.72255489022,0.08740799890974706
PVH,PVH.json,501,501,501,0,False,,2024-08-14,2026-08-13,97.52,81.66,-16.26333059885152,59.2801,113.47,1092774.7167192455,87157073.7549193,20355.051896207584,3.072390941527193
PWR,PWR.json,501,501,501,0,False,,2024-08-14,2026-08-13,263.04,672.78,155.77098540145982,227.08,788.75,1141783.3419238003,486867013.17900145,34109.59081836327,2.586422381727864
PYPL,PYPL.json,501,501,501,0,False,,2024-08-14,2026-08-13,65.06,60.59,-6.870581002151854,38.46,93.66,14086471.482579652,871051324.2684224,141514.0638722555,2.4908747987047475
QBTS,QBTS.json,501,501,501,0,False,,2024-08-14,2026-08-13,0.99,20.9,2011.111111111111,0.8,46.75,44197300.89479595,705639336.8646338,211953.125748503,9.13339339188627
QCLN,QCLN.json,501,501,501,0,False,,2024-08-14,2026-08-13,33.39,53.07,58.939802336028755,24.0214,69.2,122876.94291694411,5472087.907872275,1408.2075848303393,2.3895786151279754
QCOM,QCOM.json,501,501,501,0,False,,2024-08-14,2026-08-13,170.64,164.79,-3.4282700421940926,120.8019,259.92,10868780.108487105,1838643248.2913167,156236.57285429141,2.8888741154312703
QDEL,QDEL.json,501,501,501,0,False,,2024-08-14,2026-08-13,43.32,15.09,-65.16620498614958,9.92,49.45,1356442.8908480299,35244222.295089655,19557.215568862277,4.944981179807198
QLYS,QLYS.json,501,501,501,0,False,,2024-08-14,2026-08-13,125.59,195.88,55.96783183374472,74.51,201.54,488993.5700866707,61187705.952943385,12779.850299401198,2.8497662070785834
QQQ,QQQ.json,501,501,501,0,False,,2024-08-14,2026-08-13,463.51,732.07,57.94049750814438,402.39,748.65,46284736.965953514,26688061023.62334,663611.9900199601,1.3840121315368492
QS,QS.json,501,501,501,0,False,,2024-08-14,2026-08-13,5.81,6.16,6.024096385542177,3.4,19.0699,21992903.50282793,200716617.16249532,73732.79441117765,5.567716637167164
QSR,QSR.json,501,501,501,0,False,,2024-08-14,2026-08-13,70.81,76.59,8.162688885750601,58.71,81.96,2591100.810074479,180127298.4772694,29609.211576846308,1.4720949141283535
QUAL,QUAL.json,501,501,501,0,False,,2024-08-14,2026-08-13,171.41,227.18,32.53602473601307,148.3401,227.32,1543211.057239976,295489763.38635147,17806.075848303393,0.9638994272852579
QYLD,QYLD.json,501,501,501,0,False,,2024-08-14,2026-08-13,17.5,18.19,3.942857142857159,14.475,18.89,6257310.781229902,108891615.4223487,15081.015968063872,0.9688835992108581
R,R.json,501,501,501,0,False,,2024-08-14,2026-08-13,135.16,263.17,94.70997336490088,125.54,284.25,355274.14538393216,65958761.07964684,10376.08982035928,2.072776678059146
RACE,RACE.json,501,501,501,0,False,,2024-08-14,2026-08-13,437.84,412.29,-5.835465010049323,312.51,519.0999,517028.28002208984,209760903.01357186,20131.988023952097,2.043646063861847
RARE,RARE.json,501,501,501,0,False,,2024-08-14,2026-08-13,51.83,26.38,-49.102836195253715,18.29,60.37,1568365.7234387663,48271970.703413434,20467.121756487028,3.6949931050142313
RBLX,RBLX.json,501,501,501,0,False,,2024-08-14,2026-08-13,38.86,37.95,-2.3417395779722017,33.88,150.59,9361617.062316647,664354534.6137722,106184.05588822355,3.7184377782073166
RCAT,RCAT.json,501,501,501,0,False,,2024-08-14,2026-08-13,2.89,10.23,253.97923875432525,2.31,18.78,9556446.383174619,102072019.70624878,58505.22355289421,7.77952379815826
RCKT,RCKT.json,501,501,501,0,False,,2024-08-14,2026-08-13,19.12,3.34,-82.53138075313808,2.19,22.01,2649065.0458261715,13438801.028656244,16747.830339321357,5.565359130972649
RCKY,RCKY.json,501,501,501,0,False,,2024-08-14,2026-08-13,28.1,47.12,67.6868327402135,11.93,53.01,56266.627018489016,1653017.7343799807,1639.5309381237525,4.2945439670991865
RCL,RCL.json,501,501,501,0,False,,2024-08-14,2026-08-13,154.69,309.88,100.32322709936001,150.33,366.5,2337434.6633701515,621199972.2905657,51354.80239520958,2.8501619195688566
RCMT,RCMT.json,501,501,501,0,False,,2024-08-14,2026-08-13,18.85,28.92,53.42175066312998,13.18,32.5,49681.55268396008,1129443.24932106,1368.9800399201597,2.9886316988025206
RDDT,RDDT.json,501,501,501,0,False,,2024-08-14,2026-08-13,53.7,158.12,194.4506517690875,52.39,282.95,6185039.057440469,961130481.3447034,93069.39121756487,5.011187522757445
RDNT,RDNT.json,501,501,501,0,False,,2024-08-14,2026-08-13,63.0,77.31,22.714285714285708,45.0006,93.65,767725.7837949861,49590083.889791235,14504.574850299401,2.815331005370522
RDW,RDW.json,501,501,501,0,False,,2024-08-14,2026-08-13,5.58,13.2,136.5591397849462,4.87,26.66,11513532.945061008,143596525.951003,71744.69261477047,7.3400230204388155
REG,REG.json,501,501,501,0,False,,2024-08-14,2026-08-13,69.83,76.86,10.067306315337255,63.44,83.66,1196412.0297426146,88287970.26541553,19726.367265469064,1.1251458834847878
REGN,REGN.json,501,501,501,0,False,,2024-08-14,2026-08-13,1152.27,805.97,-30.053720048252575,476.4869,1211.1999,944693.4741825588,645170804.3067653,31913.219560878242,2.277168048953172
REXR,REXR.json,501,501,501,0,False,,2024-08-14,2026-08-13,49.95,36.42,-27.08708708708709,29.68,52.61,2381295.935596066,92218439.6810413,24933.694610778442,1.7678094550060572
RF,RF.json,501,501,501,0,False,,2024-08-14,2026-08-13,20.99,31.66,50.833730347784666,17.74,32.47,12314988.649542185,315159659.7344668,58106.14171656687,1.7414021443911833
RGEN,RGEN.json,501,501,501,0,False,,2024-08-14,2026-08-13,165.16,167.49,1.4107532090094521,100.99,182.52,841880.285527477,115418081.53141266,17220.175648702596,3.114130577578155
RGLD,RGLD.json,501,501,501,0,False,,2024-08-14,2026-08-13,132.42,225.98,70.65397976136536,130.24,306.2499,739221.0457326907,147164580.78394237,20157.303393213573,2.229611370448023
RGTI,RGTI.json,501,501,501,0,False,,2024-08-14,2026-08-13,0.9129,18.62,1939.6538503669624,0.66,58.1501,54512858.95273199,957430355.3259835,291962.77045908186,9.478381760898142
RH,RH.json,501,501,501,0,False,,2024-08-14,2026-08-13,264.23,179.56,-32.04405252999282,106.3037,457.26,1077526.259452413,224915425.09703225,25148.233532934133,4.576228024012586
RHI,RHI.json,501,501,501,0,False,,2024-08-14,2026-08-13,60.87,43.78,-28.076228026942662,21.83,78.41,1990151.913614439,76532271.83458811,25591.303393213573,3.04278945973873
RIG,RIG.json,501,501,501,0,False,,2024-08-14,2026-08-13,5.19,5.72,10.211946050096321,1.97,7.66,35358516.58264866,149771456.1512047,54897.84630738523,3.6408639539753205
RIO,RIO.json,501,501,501,0,False,,2024-08-14,2026-08-13,62.51,98.2,57.094864821628555,51.67,112.58,3138773.871797874,229636879.36589423,39520.33532934132,1.773784197536371
RIOT,RIOT.json,501,501,501,0,False,,2024-08-14,2026-08-13,7.95,19.21,141.6352201257862,6.19,30.32,26351535.542243324,360170409.4607436,119040.47305389222,5.526506868544671
RITM,RITM.json,501,501,501,0,False,,2024-08-14,2026-08-13,11.2,10.36,-7.499999999999996,8.43,12.74,5838414.023526878,62403021.72268499,21761.70858283433,1.476912132378504
RIVN,RIVN.json,501,501,501,0,False,,2024-08-14,2026-08-13,13.58,15.82,16.49484536082475,9.5,22.69,35677328.51746575,510679170.1420935,137573.25948103794,4.25087479174771
RJF,RJF.json,501,501,501,0,False,,2024-08-14,2026-08-13,112.9,180.99,60.31000885739593,111.95,182.73,1278555.629613962,196307498.06599796,23846.83233532934,1.6944869743124966
RKLB,RKLB.json,501,501,501,0,False,,2024-08-14,2026-08-13,5.27,80.1,1419.9240986717268,5.16,150.9999,21678961.62529039,1132901242.817276,220162.33133732536,5.975750353773384
RKT,RKT.json,501,501,501,0,False,,2024-08-14,2026-08-13,18.76,15.04,-19.82942430703626,10.06,24.36,19804148.826386668,323770956.5838853,88038.01796407186,3.702386718808453
RLAY,RLAY.json,501,501,501,0,False,,2024-08-14,2026-08-13,6.59,19.93,202.42792109256447,1.775,20.79,2473970.284121964,21003721.127726223,19080.433133732535,5.078963525085096
RLI,RLI.json,501,501,501,0,False,,2024-08-14,2026-08-13,73.095,63.99,-12.456392366098912,47.26,91.145,606472.4705557047,39543243.79288372,11965.205588822355,1.5467008291959874
RMBS,RMBS.json,501,501,501,0,False,,2024-08-14,2026-08-13,44.76,99.33,121.91689008042897,37.425,174.1,1783220.0030589083,160253135.6825597,28928.147704590818,4.432133790379308
RMD,RMD.json,501,501,501,0,False,,2024-08-14,2026-08-13,222.25,226.74,2.020247469066372,180.265,293.81,1085637.6437042353,257986387.34228036,25905.79640718563,1.8028993759208762
RNG,RNG.json,501,501,501,0,False,,2024-08-14,2026-08-13,32.63,67.78,107.72295433650014,20.585,68.45,1632524.3363219001,54875597.21652007,23211.105788423152,3.851817581197195
RNR,RNR.json,501,501,501,0,False,,2024-08-14,2026-08-13,232.78,319.86,37.40871208866741,219.0,335.97,421064.9419046926,111262124.68083495,12280.259481037923,1.6688541396961762
ROK,ROK.json,501,501,501,0,False,,2024-08-14,2026-08-13,261.0,445.51,70.69348659003832,215.0,497.36,877879.2619480838,302300108.5522957,25716.49500998004,2.0690086024314818
ROKU,ROKU.json,501,501,501,0,False,,2024-08-14,2026-08-13,57.02,154.08,170.22097509645738,52.43,154.12,3667582.797964563,340902449.0825249,52653.37924151697,3.4064573020956677
ROL,ROL.json,501,501,501,0,False,,2024-08-14,2026-08-13,48.37,36.22,-25.11887533595204,36.185,66.14,2500756.7682119184,130446286.57935524,31774.15768463074,1.5216018598627246
ROP,ROP.json,501,501,501,0,False,,2024-08-14,2026-08-13,524.23,397.5,-24.17450355759877,305.96,595.1668,877292.788101994,391465890.69749916,26143.674650698602,1.5611988736648614
ROST,ROST.json,501,501,501,0,False,,2024-08-14,2026-08-13,140.94,244.96,73.80445579679298,122.36,257.0,2782798.756169513,465921048.87153167,43656.94610778443,1.6411957979995502
RPD,RPD.json,501,501,501,0,False,,2024-08-14,2026-08-13,36.96,13.78,-62.71645021645023,4.97,44.4803,1273300.6030348004,21562726.174259517,17410.7125748503,3.702182891835242
RPM,RPM.json,501,501,501,0,False,,2024-08-14,2026-08-13,115.18,113.33,-1.606181628754999,92.92,141.79,827922.5158963313,93758997.9836365,16841.021956087825,1.7834377666599142
RPRX,RPRX.json,501,501,501,0,False,,2024-08-14,2026-08-13,26.81,58.56,118.42596046251401,24.05,60.44,3721090.8242737325,141545142.79423186,33875.48902195609,1.4662955763087229
RRC,RRC.json,501,501,501,0,False,,2024-08-14,2026-08-13,30.09,39.91,32.635427052176794,27.55,48.31,2877092.457928479,107152981.11056733,34105.49101796407,2.1865970052145602
RSG,RSG.json,501,501,501,0,False,,2024-08-14,2026-08-13,200.0,215.22,7.610000000000006,196.41,258.75,1316767.9108121656,290877445.59127975,26770.147704590818,1.1761109483091803
RTX,RTX.json,501,501,501,0,False,,2024-08-14,2026-08-13,116.84,220.48,88.70249914412871,112.27,226.884,5167281.092370801,814078224.263072,73899.45708582834,1.6218939885933352
RUN,RUN.json,501,501,501,0,False,,2024-08-14,2026-08-13,19.37,9.86,-49.09654104284977,5.38,22.44,11682587.141106585,142253550.23772717,70710.83233532934,6.25034833188487
RUSHA,RUSHA.json,501,501,501,0,False,,2024-08-14,2026-08-13,51.03,82.45,61.571624534587514,45.67,83.61,449521.42548685026,26676623.865460224,8882.377245508982,2.0183754758394
RXO,RXO.json,501,501,501,0,False,,2024-08-14,2026-08-13,27.41,23.32,-14.921561473914624,10.425,31.98,1831074.4325088183,34408635.30300826,21062.8003992016,4.175389157323937
RXST,RXST.json,501,501,501,0,False,,2024-08-14,2026-08-13,50.0,7.01,-85.98,4.48,58.23,889268.4058542973,13555753.960331416,11859.303393213573,4.435474373302731
RY,RY.json,501,501,501,0,False,,2024-08-14,2026-08-13,109.48,215.0,96.38290098648154,106.1,218.565,1241650.7106145509,185652982.26731297,16810.165668662674,1.0610178995986688
RYLD,RYLD.json,501,501,501,0,False,,2024-08-14,2026-08-13,15.72,16.39,4.262086513994912,13.16,16.87,710328.0912850979,11021092.888736302,2804.061876247505,0.8965334078454805
RYN,RYN.json,501,501,501,0,False,,2024-08-14,2026-08-13,26.4828,21.76,-17.833461718549394,19.49,29.8305,1624259.1782311478,37040594.25858928,17416.91417165669,1.5592341803672596
SAIA,SAIA.json,501,501,501,0,False,,2024-08-14,2026-08-13,377.66,380.22,0.6778583911454694,229.12,624.5499,520527.4583353652,187389933.86602998,16639.70858283433,3.472685603176932
SAIC,SAIC.json,501,501,501,0,False,,2024-08-14,2026-08-13,123.52,126.66,2.542098445595853,81.08,156.34,566684.9125913273,61158606.52516293,14224.25748502994,2.362144618735463
SAM,SAM.json,501,501,501,0,False,,2024-08-14,2026-08-13,273.81,184.84,-32.49333479420036,158.68,329.545,204313.39061187426,45415008.47924826,8492.231536926147,2.150909264870148
SANM,SANM.json,501,501,501,0,False,,2024-08-14,2026-08-13,69.62,206.56,196.6963516230968,62.76,288.68,660599.0557708003,95602385.79957029,14525.574850299401,3.6828292340967974
SAP,SAP.json,501,501,501,0,False,,2024-08-14,2026-08-13,211.97,209.28,-1.2690475067226537,144.97,313.28,1865316.9369971596,413215292.0320604,36817.94411177644,2.097941644467748
SBLK,SBLK.json,501,501,501,0,False,,2024-08-14,2026-08-13,21.79,28.74,31.895364846259746,12.06,29.5,1539133.975654577,30265029.227030296,16233.53493013972,2.1589437333654997
SBUX,SBUX.json,501,501,501,0,False,,2024-08-14,2026-08-13,95.39,108.55,13.795995387357163,75.5,117.46,9384480.33299643,880503115.0619018,119019.13572854291,1.9180255904081476
SCHA,SCHA.json,501,501,501,0,False,,2024-08-14,2026-08-13,24.275,35.34,45.5818743563337,20.0365,36.2,2971872.537180892,81839126.49986117,9339.023952095808,1.3450611961382837
SCHB,SCHB.json,501,501,501,0,False,,2024-08-14,2026-08-13,20.9667,30.09,43.51328535248753,18.525,30.15,6318870.233473404,160579416.06021062,10547.64870259481,1.0322911919388096
SCHD,SCHD.json,501,501,501,0,False,,2024-08-14,2026-08-13,26.8633,34.43,28.167425446613038,23.87,34.51,17540140.59843952,506906110.64548206,135671.8882235529,0.8804686132139772
SCHM,SCHM.json,501,501,501,0,False,,2024-08-14,2026-08-13,26.0933,36.55,40.074271939540026,22.41,36.9,1212128.5292904372,35919341.20130397,4416.203592814371,1.2007675813145924
SCHP,SCHP.json,501,501,501,0,False,,2024-08-14,2026-08-13,26.425,25.96,-1.7596972563859947,25.68,27.19,3661601.8744241395,97158553.42645024,6433.447105788423,0.26934161938075507
SCHW,SCHW.json,501,501,501,0,False,,2024-08-14,2026-08-13,63.75,110.06,72.64313725490197,61.16,110.2,9597553.354348348,838645723.2519238,98755.04590818363,1.6146892815451082
SCHX,SCHX.json,501,501,501,0,False,,2024-08-14,2026-08-13,21.3767,30.71,43.66108894263381,18.9997,30.7699,13428217.660291968,344376656.69549733,12861.594810379242,1.028084691868168
SCI,SCI.json,501,501,501,0,False,,2024-08-14,2026-08-13,74.48,83.12,11.60042964554242,68.41,90.99,1103053.7287353573,87534483.16566062,19539.562874251496,1.4868487673580673
SDGR,SDGR.json,501,501,501,0,False,,2024-08-14,2026-08-13,20.03,18.46,-7.838242636045933,10.945,28.47,1100327.427851493,20207843.149677593,16960.209580838324,3.675475107371683
SEDG,SEDG.json,501,501,501,0,False,,2024-08-14,2026-08-13,22.18,32.18,45.08566275924255,10.24,81.25,4209107.108548525,118017143.62681991,45557.00199600798,6.748767084741579
SEIC,SEIC.json,501,501,501,0,False,,2024-08-14,2026-08-13,66.0,106.385,61.18939393939395,64.6622,107.0,754303.7287833333,62817456.27584376,14811.061876247504,1.5102866573876326
SF,SF.json,501,501,501,0,False,,2024-08-14,2026-08-13,54.44,85.68,57.38427626745042,48.8467,89.8267,1174297.646802541,85687478.64405185,16301.922155688622,1.9895894713958713
SFM,SFM.json,501,501,501,0,False,,2024-08-14,2026-08-13,96.36,82.68,-14.19676214196761,64.75,182.0,1998614.3152459,219630816.70421126,35491.44510978044,2.7045891140755307
SG,SG.json,501,501,501,0,False,,2024-08-14,2026-08-13,34.95,6.06,-82.66094420600858,4.49,45.12,4747584.391615849,67170699.41345027,36798.5369261477,4.7048296149633195
SGHT,SGHT.json,501,501,501,0,False,,2024-08-14,2026-08-13,6.0,8.32,38.66666666666667,2.03,9.2362,223115.6025408503,1057393.7513784298,2962.393213572854,4.958739494621808
SGOL,SGOL.json,501,501,501,0,False,,2024-08-14,2026-08-13,23.42,41.4,76.7719897523484,23.265,52.84,4688300.756753341,167572436.3303782,10764.968063872255,1.476777409688871
SGOV,SGOV.json,501,501,501,0,False,,2024-08-14,2026-08-13,100.49,100.53,0.03980495571698217,100.15,100.75,13107737.974280998,1317542967.6349628,81405.15568862275,0.07223242271548919
SHAK,SHAK.json,501,501,501,0,False,,2024-08-14,2026-08-13,104.58,73.64,-29.58500669344043,51.6,144.65,1463769.7273830639,137371296.7583614,25194.493013972056,3.299390781481073
SHC,SHC.json,501,501,501,0,False,,2024-08-14,2026-08-13,14.95,19.02,27.224080267558538,9.53,19.85,1946285.4657644094,29776610.98577133,20087.644710578843,2.4344426582996617
SHEL,SHEL.json,501,501,501,0,False,,2024-08-14,2026-08-13,72.78,89.92,23.550425941192632,58.545,94.9,5211057.482425938,393466633.4756623,56560.15169660679,1.4455444781331415
SHLS,SHLS.json,501,501,501,0,False,,2024-08-14,2026-08-13,5.51,8.14,47.73139745916517,2.71,13.1799,5675678.924987774,37764158.996053725,34625.76846307385,5.495190503000753
SHV,SHV.json,501,501,501,0,False,,2024-08-14,2026-08-13,110.31,110.21,-0.0906536125464652,109.91,110.64,3624398.479334695,399668558.8419899,31572.988023952097,0.07315979250985485
SHW,SHW.json,501,501,501,0,False,,2024-08-14,2026-08-13,349.4,361.55,3.4773898111047696,289.86,400.42,1851932.9802830638,640892821.8482311,40005.53493013972,1.6223915001070295
SHY,SHY.json,501,501,501,0,False,,2024-08-14,2026-08-13,82.61,82.03,-0.7020941774603551,81.665,83.3,4023752.3604515907,332098673.71677965,9596.888223552894,0.1168659780360319
SID,SID.json,501,501,501,0,False,,2024-08-14,2026-08-13,2.22,0.8997,-59.47297297297298,0.8365,2.5,3225857.4758977788,4907562.968173558,5289.856287425149,3.497542682637045
SIGA,SIGA.json,501,501,501,0,False,,2024-08-14,2026-08-13,9.58,2.88,-69.93736951983298,2.83,12.83,620557.9700363134,4220019.608421248,7277.279441117765,3.473684776436217
SIGI,SIGI.json,501,501,501,0,False,,2024-08-14,2026-08-13,86.47,93.89,8.58101075517521,71.75,103.56,479511.2895347206,41134176.16742872,10235.183632734532,1.8223240084064296
SIL,SIL.json,501,501,501,0,False,,2024-08-14,2026-08-13,31.49,88.68,181.61321054302957,30.04,119.24,1805393.1820427745,130654951.09215896,16851.52894211577,2.9493307121334693
SIRI,SIRI.json,501,501,501,0,False,,2024-08-14,2026-08-13,29.8,27.99,-6.073825503355712,18.69,36.4,4729267.117632893,114459839.05026196,43229.82235528942,2.6075598275998773
SITM,SITM.json,501,501,501,0,False,,2024-08-14,2026-08-13,132.2,687.93,420.3706505295008,105.4,901.81,355581.2623611677,128464403.28063814,13723.299401197604,5.219477812272896
SIVR,SIVR.json,501,501,501,0,False,,2024-08-14,2026-08-13,26.45,61.17,131.2665406427221,25.98,115.26,1718416.514423539,104651467.7223522,12553.01996007984,3.0040517213150917
SIZE,SIZE.json,501,501,501,0,False,,2024-08-14,2026-08-13,140.0,186.93,33.52142857142857,126.825,186.955,6551.987032001996,1024738.7100291492,96.16367265469061,1.017572331254589
SJM,SJM.json,501,501,501,0,False,,2024-08-14,2026-08-13,118.84,120.63,1.5062268596432116,88.25,127.645,1613609.4927571996,173449680.99002898,26777.65469061876,1.8278845805741282
SKY,SKY.json,501,501,501,0,False,,2024-08-14,2026-08-13,85.85,96.31,12.184041933605139,59.44,116.49,677033.34412797,56011558.95650936,13060.974051896208,2.817089578596513
SKYY,SKYY.json,501,501,501,0,False,,2024-08-14,2026-08-13,93.48,168.91,80.6910569105691,85.38,169.05,238255.74562956888,29061859.3158183,2999.4051896207584,1.8692929170464687
SLAB,SLAB.json,501,501,501,0,False,,2024-08-14,2026-08-13,102.24,218.3,113.51721439749612,82.82,220.895,395857.22367910785,62904451.016136795,10618.267465069861,3.389099243763486
SLB,SLB.json,501,501,501,0,False,,2024-08-14,2026-08-13,44.0,52.06,18.318181818181834,31.11,58.8199,15472412.09448984,647704712.8778844,113500.45309381238,2.2693790019981317
SLG,SLG.json,501,501,501,0,False,,2024-08-14,2026-08-13,62.55,57.63,-7.865707434052749,34.77,82.81,1049083.80894489,56965951.67617409,16831.962075848303,2.315156750194442
SLV,SLV.json,501,501,501,0,False,,2024-08-14,2026-08-13,25.26,58.16,130.2454473475851,24.8044,109.83,34303500.69813081,1929429557.7546227,170546.60479041917,3.0061883759282364
SM,SM.json,501,501,501,0,False,,2024-08-14,2026-08-13,45.3,32.42,-28.432671081677697,17.45,47.69,3127921.9525581594,85980988.60727973,34525.656686626746,3.373327395999174
SMCI,SMCI.json,501,501,501,0,False,,2024-08-14,2026-08-13,58.412,39.16,-32.95898103129494,17.25,66.4399,52097093.64219984,2012009579.6316981,324209.2874251497,6.4585542881218165
SMFG,SMFG.json,501,501,501,0,False,,2024-08-14,2026-08-13,12.75,26.3,106.27450980392159,11.83,26.665,1870692.6190582374,33009485.629085418,12616.329341317365,1.977651156785635
SMH,SMH.json,501,501,501,0,False,,2024-08-14,2026-08-13,238.71,589.12,146.7931800092162,170.11,671.83,8153269.505279739,2904022563.078611,163053.0618762475,2.453562357859481
SMTC,SMTC.json,501,501,501,0,False,,2024-08-14,2026-08-13,34.0,133.58,292.8823529411765,24.05,177.35,2233092.57920514,169305439.71146384,30957.676646706586,4.894925063371354
SNA,SNA.json,501,501,501,0,False,,2024-08-14,2026-08-13,272.41,404.63,48.53713152967951,268.8975,423.02,358464.2340975768,123921009.21509174,13198.776447105789,1.47541724399719
SNAP,SNAP.json,501,501,501,0,False,,2024-08-14,2026-08-13,9.36,5.3,-43.376068376068375,3.81,13.2805,45515973.685327314,353506679.2082426,93667.91017964072,3.64784472689988
SNDL,SNDL.json,501,501,501,0,False,,2024-08-14,2026-08-13,2.13,1.25,-41.31455399061033,1.15,2.89,2316148.6408361797,4213884.287763252,7117.373253493014,3.6306450976810143
SNDR,SNDR.json,501,501,501,0,False,,2024-08-14,2026-08-13,26.96,36.32,34.7181008902077,20.11,39.27,884607.5419717385,24380434.425859705,13696.5249500998,2.2416657447924786
SNEX,SNEX.json,501,501,501,0,False,,2024-08-14,2026-08-13,23.3333,66.78,186.20040885772693,22.3585,94.66,913562.1921803632,44332886.671725444,10141.860279441118,2.657995755205037
SNOW,SNOW.json,501,501,501,0,False,,2024-08-14,2026-08-13,127.56,337.38,164.48730009407336,107.13,341.9498,6123958.152271643,1143240574.1506042,95166.59481037925,3.8548393163894343
SNPS,SNPS.json,501,501,501,0,False,,2024-08-14,2026-08-13,530.41,411.75,-22.371373088742665,365.74,651.73,1767217.7255755388,834325943.641788,52204.4630738523,3.095403694427223
SO,SO.json,501,501,501,0,False,,2024-08-14,2026-08-13,86.78,92.79,6.92555888453561,80.46,100.835,5214408.369534894,474811299.26317227,61237.255489021954,1.1048103055707934
SOFI,SOFI.json,501,501,501,0,False,,2024-08-14,2026-08-13,6.75,18.43,173.037037037037,6.56,32.73,62211405.00829808,1145796890.6504443,211808.76646706587,3.7523628558026934
SOLV,SOLV.json,501,501,501,0,False,,2024-08-14,2026-08-13,58.41,86.46,48.022598870056484,57.48,90.0,1169710.7840726608,85869995.33181465,20165.95608782435,1.928305577426337
SON,SON.json,501,501,501,0,False,,2024-08-14,2026-08-13,49.49,58.31,17.821782178217816,38.65,60.67,977743.0915661058,47327083.687778324,16135.512974051897,1.9071673598955452
SONY,SONY.json,501,501,501,0,False,,2024-08-14,2026-08-13,17.788,23.61,32.729930290083196,17.4201,30.34,4826388.9124156805,112951329.72749291,33142.98802395209,1.921863449486879
SOYB,SOYB.json,501,501,501,0,False,,2024-08-14,2026-08-13,21.21,25.2,18.811881188118807,20.2,26.37,67641.96897266466,1573980.5538457881,413.1357285429142,0.9095638875809343
SPG,SPG.json,501,501,501,0,False,,2024-08-14,2026-08-13,155.81,221.47,42.14106925101084,136.34,238.5,1597404.851977549,290917543.8055213,27665.319361277445,1.4417046179506323
SPGI,SPGI.json,501,501,501,0,False,,2024-08-14,2026-08-13,489.01,422.67,-13.566184740598342,381.605,579.05,1621822.1669647624,770198161.6067842,46735.36327345309,1.6411106820069952
SPHD,SPHD.json,501,501,501,0,False,,2024-08-14,2026-08-13,47.63,53.12,11.526348939743848,43.39,54.04,759486.7697924052,37485147.35612995,8272.874251497005,0.833186716099334
SPHQ,SPHQ.json,501,501,501,0,False,,2024-08-14,2026-08-13,63.96,87.45,36.72607879924954,57.67,90.36,1356748.3431181377,100723848.10040268,13579.91616766467,1.0004810723547946
SPLV,SPLV.json,501,501,501,0,False,,2024-08-14,2026-08-13,67.92,76.23,12.234982332155475,67.13,78.82,2604221.6615767847,189709705.01375094,16373.071856287424,0.7540785520686005
SPOT,SPOT.json,501,501,501,0,False,,2024-08-14,2026-08-13,335.99,498.24,48.290127682371505,319.07,785.0,2173148.3474173113,1169984987.3905692,59136.35728542914,2.7908377016157995
SPSC,SPSC.json,501,501,501,0,False,,2024-08-14,2026-08-13,196.33,79.37,-59.573167625935916,49.04,203.86,457048.84461080644,44741790.18656361,11083.425149700599,2.8017785435517975
SPXC,SPXC.json,501,501,501,0,False,,2024-08-14,2026-08-13,150.63,212.16,40.84843656642103,115.0,251.08,401521.9393567964,77296151.02586327,10246.339321357285,2.51938813021308
SR,SR.json,501,501,501,0,False,,2024-08-14,2026-08-13,64.0,82.93,29.57812500000001,61.555,95.31,436175.69487475645,33979850.5157486,9042.976047904192,1.264175271205195
SRAD,SRAD.json,501,501,501,0,False,,2024-08-14,2026-08-13,11.14,13.58,21.903052064631943,10.38,32.22,1968277.708330423,39156893.71644072,20554.185628742514,2.969312072190343
SRE,SRE.json,501,501,501,0,False,,2024-08-14,2026-08-13,78.13,86.48,10.68731601177526,61.9,101.039,3836976.985940048,323250606.20055205,44979.027944111775,1.6240456380779145
SRLN,SRLN.json,501,501,501,0,False,,2024-08-14,2026-08-13,41.39,40.6,-1.90867359265523,39.0801,42.09,4273643.251121858,175477690.56551653,7355.9540918163675,0.25171926090720087
SRPT,SRPT.json,501,501,501,0,False,,2024-08-14,2026-08-13,133.0,18.42,-86.15037593984962,10.415,144.22,4078284.5220787106,116825585.43451202,40647.4371257485,5.453196456915973
SSD,SSD.json,501,501,501,0,False,,2024-08-14,2026-08-13,175.1,195.27,11.519131924614513,137.35,213.49,270074.2699515988,47668298.50451161,8614.988023952095,1.9219939646754243
STAA,STAA.json,501,501,501,0,False,,2024-08-14,2026-08-13,36.95,25.33,-31.447902571041965,13.5,38.6,1086274.8151392257,25754191.54135784,14388.7624750499,4.049413573679197
STAG,STAG.json,501,501,501,0,False,,2024-08-14,2026-08-13,39.6,36.95,-6.691919191919194,28.61,42.61,1362853.8212215449,50148663.308313765,18562.16766467066,1.3919294577669856
STE,STE.json,501,501,501,0,False,,2024-08-14,2026-08-13,233.7,236.07,1.0141206675224668,195.14,269.44,648803.6309614672,149850331.75142804,15744.021956087825,1.5151320773901218
STGW,STGW.json,501,501,501,0,False,,2024-08-14,2026-08-13,6.49,9.31,43.451463790446844,4.03,9.55,1316226.4933417705,7960430.244456369,11569.67864271457,3.2568958488186603
STLA,STLA.json,501,501,501,0,False,,2024-08-14,2026-08-13,15.68,5.37,-65.75255102040816,5.25,16.92,15953488.32290051,154345081.56408116,38894.0,3.1478469721062754
STLD,STLD.json,501,501,501,0,False,,2024-08-14,2026-08-13,116.31,260.53,123.99621700627632,103.17,288.74,1390454.556913078,215468315.51257405,28489.235528942118,2.32519020955201
STM,STM.json,501,501,501,0,False,,2024-08-14,2026-08-13,30.08,53.92,79.25531914893618,17.25,81.42,7671588.42450227,282460841.3492272,65985.00598802396,3.5357296742080115
STNE,STNE.json,501,501,501,0,False,,2024-08-14,2026-08-13,13.4,10.23,-23.656716417910452,7.7223,19.95,5622208.289299655,73416873.55712806,36736.83233532934,3.1956274954336594
STNG,STNG.json,501,501,501,0,False,,2024-08-14,2026-08-13,73.84,78.54,6.365113759479968,30.63,87.39,990057.5073556467,57288805.717485435,14986.924151696607,2.4829561831632216
STOK,STOK.json,501,501,501,0,False,,2024-08-14,2026-08-13,14.17,31.31,120.95977417078333,5.35,40.22,799360.5139690918,17154435.04769852,10660.38123752495,4.076656890129244
STRL,STRL.json,501,501,501,0,False,,2024-08-14,2026-08-13,109.96,553.16,403.05565660240086,96.34,1005.6802,583856.1518488204,204214837.66270468,19765.746506986026,4.766869194161163
STT,STT.json,501,501,501,0,False,,2024-08-14,2026-08-13,79.09,189.85,140.04298899987356,72.81,192.5131,2090592.1333534892,243100757.71546072,33088.796407185626,1.6442602212694613
STX,STX.json,501,501,501,0,False,,2024-08-14,2026-08-13,98.82,921.37,832.3719894758148,63.19,1145.0,3820790.568887944,1252698330.496417,71401.94411177645,3.735177014539996
STZ,STZ.json,501,501,501,0,False,,2024-08-14,2026-08-13,238.77,136.35,-42.89483603467773,126.45,261.06,2189550.798517928,365245639.7823626,40196.32135728543,1.9026815201598841
SU,SU.json,501,501,501,0,False,,2024-08-14,2026-08-13,40.97,65.43,59.70222113741765,30.79,70.29,4497045.1702401135,204941086.20657364,39810.07984031936,1.7558686766931995
SUPN,SUPN.json,501,501,501,0,False,,2024-08-14,2026-08-13,33.69,47.15,39.95250816265954,29.16,59.68,651956.8038358843,27838176.292968404,11337.197604790419,2.232771222119073
SVM,SVM.json,501,501,501,0,False,,2024-08-14,2026-08-13,3.4,11.78,246.4705882352941,2.87,15.77,5047122.972510152,33462938.241057727,18173.343313373254,4.053046554984814
SW,SW.json,501,501,501,0,False,,2024-08-14,2026-08-13,40.63,50.02,23.111001722864888,32.729,56.9857,4635574.065819695,205011809.43711138,48070.08183632734,2.628415862180837
SWBI,SWBI.json,501,501,501,0,False,,2024-08-14,2026-08-13,14.81,14.34,-3.1735313977042545,7.73,17.5625,629891.4153749022,7096763.505056688,9334.36127744511,2.758659888189037
SWK,SWK.json,501,501,501,0,False,,2024-08-14,2026-08-13,96.88,102.21,5.501651527663087,53.9101,110.88,1968948.5080927105,153433393.8112715,32681.852295409182,2.5676538882294992
SYF,SYF.json,501,501,501,0,False,,2024-08-14,2026-08-13,46.07,80.08,73.822444106794,40.545,88.77,3828003.8042917624,254178906.20367473,49736.95608782435,2.3734316247470053
SYK,SYK.json,501,501,501,0,False,,2024-08-14,2026-08-13,329.18,341.09,3.618081292909636,281.0,406.19,1679491.8612338242,596322179.31903,39606.021956087825,1.54536686605365
SYNA,SYNA.json,501,501,501,0,False,,2024-08-14,2026-08-13,75.95,107.31,41.29032258064515,41.8,149.11,604596.7098026866,51580822.292571835,13310.784431137725,3.605351939575971
SYY,SYY.json,501,501,501,0,False,,2024-08-14,2026-08-13,75.6,83.55,10.515873015873023,67.12,91.845,3484949.6505520223,268199971.17358023,44680.00598802395,1.5252410800189111
T,T.json,501,501,501,0,False,,2024-08-14,2026-08-13,19.48,24.58,26.1806981519507,18.97,29.79,42020905.50452478,1051927874.6250476,136194.58283433135,1.5160727539693464
TAK,TAK.json,501,501,501,0,False,,2024-08-14,2026-08-13,14.19,17.39,22.55109231853418,12.8,18.895,2627332.3041057205,40352537.2486494,13525.730538922156,1.27384609143478
TAN,TAN.json,501,501,501,0,False,,2024-08-14,2026-08-13,40.99,52.47,28.00683093437424,25.53,75.6,1055633.514466008,48633659.47847811,10227.051896207584,2.4736278359960364
TAP,TAP.json,501,501,501,0,False,,2024-08-14,2026-08-13,53.15,42.12,-20.752587017873946,38.04,64.66,2631572.907630196,130053664.89961131,35565.205588822355,1.672100613865784
TARS,TARS.json,501,501,501,0,False,,2024-08-14,2026-08-13,26.62,68.88,158.75281743050334,24.95,85.25,680128.1166878522,37418622.70278006,11819.167664670658,3.0643929460171084
TBBK,TBBK.json,501,501,501,0,False,,2024-08-14,2026-08-13,45.99,69.14,50.33702978908459,40.51,81.6526,562194.581456986,33523426.42659317,11772.325349301398,2.875059304898265
TBPH,TBPH.json,501,501,501,0,False,,2024-08-14,2026-08-13,8.31,16.92,103.6101083032491,7.88,21.03,386923.96761598,5563779.893793111,6372.147704590819,2.7833444449489453
TCBI,TCBI.json,501,501,501,0,False,,2024-08-14,2026-08-13,59.61,100.83,69.14947156517364,58.14,108.92,471717.2118389162,40436725.87150282,10754.698602794411,1.9511937622415856
TCMD,TCMD.json,501,501,501,0,False,,2024-08-14,2026-08-13,12.82,23.71,84.94539781591264,8.6098,37.77,290882.25644783035,5841096.915546025,5892.616766467066,3.79349877660302
TD,TD.json,501,501,501,0,False,,2024-08-14,2026-08-13,57.87,123.11,112.73544150682567,51.25,124.87,2259919.1174016725,179972738.64462182,23819.646706586827,1.1438911616165937
TDG,TDG.json,501,501,501,0,False,,2024-08-14,2026-08-13,1245.36,1246.31,0.07628316310144267,1123.61,1623.825,319537.29349095805,420788530.182752,21357.76846307385,1.799632799226668
TDY,TDY.json,501,501,501,0,False,,2024-08-14,2026-08-13,410.77,673.66,63.999318353336406,406.42,697.67,315347.0998496268,172587281.24589214,13837.690618762475,1.546192374990437
TEAM,TEAM.json,501,501,501,0,False,,2024-08-14,2026-08-13,142.32,165.98,16.62450815064642,56.0101,325.9999,3565408.2908402653,501090810.1867622,56087.94810379241,4.1699885119095645
TECH,TECH.json,501,501,501,0,False,,2024-08-14,2026-08-13,73.56,72.17,-1.8896139206090234,43.195,80.9499,2265301.025374433,137203750.7468606,29499.259481037923,2.82282611621566
TECK,TECK.json,501,501,501,0,False,,2024-08-14,2026-08-13,46.67,63.76,36.6188129419327,28.32,71.25,3777683.0985782477,172906834.43870988,40695.53493013972,2.883372783883977
TEL,TEL.json,501,501,501,0,False,,2024-08-14,2026-08-13,146.66,214.74,46.42029183144689,116.3018,252.56,1974308.0480096226,375143822.8698572,31610.734530938123,1.9979371971410451
TEM,TEM.json,501,501,501,0,False,,2024-08-14,2026-08-13,42.7,54.29,27.142857142857135,31.36,104.32,7338554.214022146,448711574.2821421,102213.23353293413,5.992114745507413
TENB,TENB.json,501,501,501,0,False,,2024-08-14,2026-08-13,41.31,40.03,-3.0985233599612694,15.725,45.4445,1853136.4646882934,54567589.17871557,24186.818363273454,2.7242518237081494
TER,TER.json,501,501,501,0,False,,2024-08-14,2026-08-13,127.53,410.52,221.90072924017875,65.77,487.91,3329376.8403587467,654812749.6992589,61082.75848303393,4.10470669879891
TFC,TFC.json,501,501,501,0,False,,2024-08-14,2026-08-13,41.9,52.99,26.467780429594278,33.56,56.195,8479972.020761302,385760083.87629694,73560.77045908183,1.7366849647438038
TGT,TGT.json,501,501,501,0,False,,2024-08-14,2026-08-13,136.7,155.51,13.760058522311635,83.44,167.4,6425260.829842202,726705822.2746178,86041.46506986028,2.274080641237052
TGTX,TGTX.json,501,501,501,0,False,,2024-08-14,2026-08-13,21.36,47.94,124.438202247191,20.39,59.3,2455237.3757978724,83118833.2688978,27194.399201596807,3.3903229596142426
THC,THC.json,501,501,501,0,False,,2024-08-14,2026-08-13,153.0,267.05,74.54248366013073,109.8239,270.5652,1302593.9066151916,222612807.11885396,24755.566866267465,2.780452952758389
THD,THD.json,501,501,501,0,False,,2024-08-14,2026-08-13,56.62,73.07,29.053338043094314,45.23,75.06,84103.19612734532,5269507.536479392,942.0958083832336,1.5141724861919104
TJX,TJX.json,501,501,501,0,False,,2024-08-14,2026-08-13,108.23,153.81,42.114016446456624,107.71,170.0,5233968.3961975565,718604965.5222701,67180.8383233533,1.2110835496497783
TKO,TKO.json,501,501,501,0,False,,2024-08-14,2026-08-13,118.52,199.68,68.47789402632469,113.16,226.94,1189581.794131998,206346263.69758552,23218.273453093814,2.0249709553067015
TLT,TLT.json,501,501,501,0,False,,2024-08-14,2026-08-13,97.55,82.59,-15.33572526909277,81.89,101.64,35818647.81024122,3185526715.387263,118240.60878243513,0.7315348391860879
TM,TM.json,501,501,501,0,False,,2024-08-14,2026-08-13,176.99,188.71,6.621843041979769,155.0,248.9,384736.7674649082,72773954.39203255,13390.964071856288,1.858479841768287
TMDX,TMDX.json,501,501,501,0,False,,2024-08-14,2026-08-13,162.88,89.64,-44.9656188605108,55.0,177.37,1214182.5782532294,120809615.7555663,25656.806387225548,4.047807163275486
TMO,TMO.json,501,501,501,0,False,,2024-08-14,2026-08-13,602.09,595.89,-1.0297463834310516,385.46,643.99,2131674.7629314894,1082355034.3805714,52484.568862275446,1.9049967365788123
TMUS,TMUS.json,501,501,501,0,False,,2024-08-14,2026-08-13,194.98,183.38,-5.949328136219101,165.66,276.49,4739182.679385604,1026808788.0978671,71677.16566866268,1.7968665358888
TNDM,TNDM.json,501,501,501,0,False,,2024-08-14,2026-08-13,41.63,23.13,-44.43910641364401,9.98,47.6,1816856.3642717046,38768178.98388158,22528.115768463074,4.660007210976728
TOL,TOL.json,501,501,501,0,False,,2024-08-14,2026-08-13,130.15,149.31,14.721475220898949,86.67,169.52,1422159.1279824092,187181701.4264684,26763.54091816367,2.251677019436963
TOST,TOST.json,501,501,501,0,False,,2024-08-14,2026-08-13,24.9,35.22,41.44578313253013,22.26,49.66,8633348.595694132,292114974.8992455,73645.47105788424,2.9665842570498513
TOWN,TOWN.json,501,501,501,0,False,,2024-08-14,2026-08-13,31.91,37.83,18.55217800062676,29.43,39.025,363517.1387272715,12673340.027825685,7405.84630738523,1.5819907777339635
TPL,TPL.json,501,501,501,0,False,,2024-08-14,2026-08-13,275.4033,347.04,26.011561952961348,255.5017,589.7133,449941.5398593233,178646384.11320546,14169.063872255489,3.1650916590497435
TPR,TPR.json,501,501,501,0,False,,2024-08-14,2026-08-13,38.33,128.39,234.95956170101744,37.79,164.8,3640551.926597655,335426106.8732146,47461.3992015968,2.717063489378396
TRGP,TRGP.json,501,501,501,0,False,,2024-08-14,2026-08-13,136.86,266.88,95.00219202104338,136.6,291.035,1608923.7633293052,306146601.5150244,30783.672654690617,2.0328394503939626
TRI,TRI.json,501,501,501,0,False,,2024-08-14,2026-08-13,164.9061,106.07,-35.678546760853614,76.28,221.8453,1250193.6043556326,161808056.16488013,20990.099800399203,2.3549531012400258
TRIP,TRIP.json,501,501,501,0,False,,2024-08-14,2026-08-13,13.81,10.97,-20.56480811006517,9.01,20.16,3017769.465665471,41898221.313757025,29887.275449101795,3.4998367382471773
TRMB,TRMB.json,501,501,501,0,False,,2024-08-14,2026-08-13,52.74,57.54,9.101251422070522,47.92,87.5,1723486.039850467,116096224.73133568,28017.047904191615,2.067219305723604
TRNS,TRNS.json,501,501,501,0,False,,2024-08-14,2026-08-13,118.36,94.86,-19.854680635349776,50.23,133.7199,114568.889957998,9400873.485574862,4001.560878243513,3.0242446100022335
TROW,TROW.json,501,501,501,0,False,,2024-08-14,2026-08-13,105.83,111.3,5.168666729660765,77.85,125.8078,1787396.6258277327,183720008.03203914,32786.64670658683,1.708512202407773
TRP,TRP.json,501,501,501,0,False,,2024-08-14,2026-08-13,43.93,63.14,43.728659230594126,43.39,71.47,2366259.5775253093,127173766.43862374,21944.780439121758,1.3073989491905749
TRUP,TRUP.json,501,501,501,0,False,,2024-08-14,2026-08-13,41.49,31.0,-25.283200771270188,21.16,57.9,516744.4094948324,20724835.793347158,10745.20758483034,3.264470442300453
TRV,TRV.json,501,501,501,0,False,,2024-08-14,2026-08-13,211.2,370.0,75.18939393939394,211.2,398.695,1413136.2785942974,395491877.5752461,32591.08383233533,1.4467809680781587
TSCO,TSCO.json,501,501,501,0,False,,2024-08-14,2026-08-13,52.21,36.17,-30.722083891974716,28.36,63.9899,6670490.2033066945,313373530.44001853,61450.22754491018,1.906628397483402
TSLA,TSLA.json,501,501,501,0,False,,2024-08-14,2026-08-13,207.39,339.96,63.92304354115434,198.75,498.83,82509498.42606346,28554282480.846786,1400722.387225549,3.802568618178788
TSM,TSM.json,501,501,501,0,False,,2024-08-14,2026-08-13,171.88,430.49,150.45962299278565,134.25,479.0,13797927.663064431,3674478662.9628468,260990.53892215568,2.6262238678011007
TSN,TSN.json,501,501,501,0,False,,2024-08-14,2026-08-13,61.3,56.39,-8.009787928221856,50.56,69.4842,2775415.213731623,163261135.1306331,35534.98003992016,1.5173483784561153
TT,TT.json,501,501,501,0,False,,2024-08-14,2026-08-13,340.0,477.69,40.49705882352941,298.15,505.87,1347259.3382590278,553238679.8878074,33002.22754491018,1.783181701790792
TTD,TTD.json,501,501,501,0,False,,2024-08-14,2026-08-13,98.55,14.56,-85.2257737189244,12.83,141.53,12943090.958583912,578522447.4199378,113292.74451097804,4.1278674401087265
TTEC,TTEC.json,501,501,501,0,False,,2024-08-14,2026-08-13,4.3,1.57,-63.48837209302325,1.55,6.28,506917.8796497465,1932235.3252180703,4677.405189620758,5.946085767148128
TTMI,TTMI.json,501,501,501,0,False,,2024-08-14,2026-08-13,18.5,138.88,650.7027027027027,15.7746,223.83,1761749.966284421,149086305.73504347,27711.72854291417,4.184891105192211
TTWO,TTWO.json,501,501,501,0,False,,2024-08-14,2026-08-13,144.63,241.91,67.26128742307958,143.17,265.94,1903537.6349741118,412984930.68531007,45718.2754491018,1.9560491399598103
TUR,TUR.json,501,501,501,0,False,,2024-08-14,2026-08-13,38.09,39.37,3.360462063533709,29.64,43.98,196716.7221974491,7231056.648290322,1740.5508982035929,1.632477616463654
TWLO,TWLO.json,501,501,501,0,False,,2024-08-14,2026-08-13,61.36,249.42,306.48631029986956,56.85,258.3525,2698302.6151834647,333788433.6387177,43521.850299401194,3.6546050824830716
TWST,TWST.json,501,501,501,0,False,,2024-08-14,2026-08-13,45.16,125.29,177.43578387953946,23.3,126.4,1282293.2113367803,60197252.593619145,20941.32135728543,4.248703022935165
TXG,TXG.json,501,501,501,0,False,,2024-08-14,2026-08-13,21.64,58.15,168.71534195933452,6.78,60.69,2803445.278143098,50518015.39182835,31720.676646706586,4.548814553877661
TXN,TXN.json,501,501,501,0,False,,2024-08-14,2026-08-13,197.01,273.43,38.789909141667955,139.95,334.03,7207697.711858951,1505543394.9187117,99171.58083832335,2.609612182665457
TXT,TXT.json,501,501,501,0,False,,2024-08-14,2026-08-13,86.25,88.04,2.075362318840579,57.7,101.57,1432384.4349721258,119740841.78413706,24066.075848303393,1.743403012302162
TYL,TYL.json,501,501,501,0,False,,2024-08-14,2026-08-13,578.32,328.95,-43.11972610319547,270.71,661.31,430948.4146831517,188405741.32062554,16429.518962075847,2.1097735358087246
U,U.json,501,501,501,0,False,,2024-08-14,2026-08-13,16.16,45.79,183.35396039603958,15.33,52.15,12128248.139051447,333566581.1098088,100204.70459081836,4.680135082837627
UAL,UAL.json,501,501,501,0,False,,2024-08-14,2026-08-13,41.11,126.35,207.34614449039162,40.125,138.77,6775830.411681002,606997050.2948701,81000.0878243513,3.361775195351815
UBER,UBER.json,501,501,501,0,False,,2024-08-14,2026-08-13,71.6,75.88,5.977653631284929,59.33,101.99,19983693.199941672,1564065814.1135378,190596.88423153694,2.406548951973141
UDR,UDR.json,501,501,501,0,False,,2024-08-14,2026-08-13,41.68,37.94,-8.97312859884838,32.94,47.55,2849740.830645054,111490728.40577652,28814.696606786427,1.3741423323634654
UEC,UEC.json,501,501,501,0,False,,2024-08-14,2026-08-13,4.82,11.19,132.15767634854768,3.85,20.34,10692462.1881665,109466335.04629008,59182.22954091816,4.691230270268306
UHS,UHS.json,501,501,501,0,False,,2024-08-14,2026-08-13,221.54,171.21,-22.71824501218741,140.08,246.325,802323.3784506008,150901452.15259492,19192.151696606787,2.094341256335655
UL,UL.json,501,501,501,0,False,,2024-08-14,2026-08-13,68.0625,62.68,-7.908172635445365,54.75,74.975,2834389.7245878503,184968348.6425161,32324.135728542915,1.3522871850063893
ULTA,ULTA.json,501,501,501,0,False,,2024-08-14,2026-08-13,330.04,515.57,56.214398254757,309.01,714.9699,852998.9784418264,389179017.00961787,29823.736526946108,2.353412217610448
UMBF,UMBF.json,501,501,501,0,False,,2024-08-14,2026-08-13,95.5,150.88,57.989528795811516,82.0,151.315,564290.5915456727,65792168.45324279,12657.027944111776,1.9227132849949091
UMC,UMC.json,501,501,501,0,False,,2024-08-14,2026-08-13,8.73,19.38,121.99312714776629,5.61,28.96,11585508.264634158,122802545.97363302,36636.756487025945,3.1096602576162486
UNG,UNG.json,501,501,501,0,False,,2024-08-14,2026-08-13,14.73,9.97,-32.31500339443313,9.545,24.33,10212138.645519044,142294929.07247865,22580.06986027944,3.7595519658614704
UNH,UNH.json,501,501,501,0,False,,2024-08-14,2026-08-13,575.24,399.06,-30.627216466170637,234.6,630.73,8963452.628306974,3216304812.870508,189513.66067864271,2.6545422690850726
UNM,UNM.json,501,501,501,0,False,,2024-08-14,2026-08-13,53.83,92.7,72.20880549879251,52.7061,94.55,1417083.2959549422,107477501.63391002,22785.798403193614,1.686569476182055
UNP,UNP.json,501,501,501,0,False,,2024-08-14,2026-08-13,237.97,297.79,25.137622389376823,204.66,315.99,3169110.951109639,759278824.0076619,54714.86826347305,1.4481684990575086
UPBD,UPBD.json,501,501,501,0,False,,2024-08-14,2026-08-13,31.59,19.675,-37.71763216207661,15.82,36.0,701297.8267761697,15999368.077761598,12388.738522954092,2.9280438819393293
UPS,UPS.json,501,501,501,0,False,,2024-08-14,2026-08-13,126.36,105.54,-16.4767331433998,82.0,145.01,6000259.097420673,630779510.1753262,81632.35129740518,1.9366212716529287
UPST,UPST.json,501,501,501,0,False,,2024-08-14,2026-08-13,38.59,30.97,-19.7460481990153,23.965,96.4294,6086403.780330904,310731426.93786407,69122.15369261477,5.2763357735905405
UPWK,UPWK.json,501,501,501,0,False,,2024-08-14,2026-08-13,9.45,8.66,-8.359788359788356,7.44,22.8399,3036290.4953940758,42055639.37960804,28704.582834331337,3.7035563123962314
URA,URA.json,501,501,501,0,False,,2024-08-14,2026-08-13,25.15,45.25,79.92047713717696,19.5,62.28,3926156.6153692394,163579584.8398638,36657.31936127745,2.957565923347749
URI,URI.json,501,501,501,0,False,,2024-08-14,2026-08-13,703.71,1120.58,59.23889102044875,525.9136,1179.18,582038.033553998,476562574.1816599,23793.640718562874,2.5264187966560105
USB,USB.json,501,501,501,0,False,,2024-08-14,2026-08-13,42.44,65.17,53.5579641847314,35.18,65.605,9454634.435554951,468630515.13493204,79390.04590818363,1.6241503339923844
USCI,USCI.json,501,501,501,0,False,,2024-08-14,2026-08-13,59.98,102.4101,70.74041347115707,58.51,103.53,17821.97425778842,1405622.9065383594,240.05788423153692,1.0350754519223389
USFR,USFR.json,501,501,501,0,False,,2024-08-14,2026-08-13,50.37,50.44,0.13897161008535885,50.19,50.51,4744268.967980577,238966316.91895792,12556.50499001996,0.07570380863638307
USMV,USMV.json,501,501,501,0,False,,2024-08-14,2026-08-13,87.5,101.37,15.851428571428583,83.99,101.4456,2286200.9822698818,213456152.01527074,16024.842315369262,0.7025226896257122
USO,USO.json,501,501,501,0,False,,2024-08-14,2026-08-13,77.6,125.03,61.12113402061856,60.67,154.08,8919722.42142247,882834737.6475184,105541.29740518962,2.591713356965799
UUP,UUP.json,501,501,501,0,False,,2024-08-14,2026-08-13,28.43,28.18,-0.8793527963418923,26.395,30.69,1451102.3697720019,40631049.80515317,3040.045908183633,0.4981923793941052
V,V.json,501,501,501,0,False,,2024-08-14,2026-08-13,260.87,365.45,40.08893318511135,258.74,375.51,6857675.436443032,2254899976.4376454,126547.98003992016,1.4015240176870614
VALE,VALE.json,501,501,501,0,False,,2024-08-14,2026-08-13,10.2,13.8,35.29411764705883,8.055,17.94,32229947.533900477,380633546.5804744,52848.53493013972,2.0380362389115887
VB,VB.json,501,501,501,0,False,,2024-08-14,2026-08-13,222.92,308.54,38.40839763143731,190.27,309.03,768835.4167947106,191780160.0224162,14693.506986027944,1.2253337533491868
VBR,VBR.json,501,501,501,0,False,,2024-08-14,2026-08-13,188.59,251.0,33.09295296675327,160.2301,251.6601,409181.35757096607,84203536.09161708,6697.89620758483,1.1445817557079927
VCEL,VCEL.json,501,501,501,0,False,,2024-08-14,2026-08-13,46.18,44.54,-3.5513209181463834,28.95,63.0,538214.3896556348,21847896.028104715,9754.660678642715,2.920191870842725
VCTR,VCTR.json,501,501,501,0,False,,2024-08-14,2026-08-13,49.65,118.17,138.00604229607254,47.0,118.22,468055.5482601237,32762575.75531919,10304.177644710579,2.250807049701792
VEA,VEA.json,501,501,501,0,False,,2024-08-14,2026-08-13,49.81,73.54,47.64103593655893,45.14,73.66,13063049.17329633,775119803.7215805,45290.393213572854,1.0763327648569911
VECO,VECO.json,501,501,501,0,False,,2024-08-14,2026-08-13,37.42,53.58,43.185462319615176,16.92,86.63,911540.5736539161,32902595.48775068,13843.78243512974,3.640081013371476
VEEV,VEEV.json,501,501,501,0,False,,2024-08-14,2026-08-13,190.32,252.64,32.744850777637666,148.05,310.5,1640025.2994358744,355159940.73781013,34497.45109780439,2.395176638059313
VERX,VERX.json,501,501,501,0,False,,2024-08-14,2026-08-13,36.78,13.25,-63.974986405655244,10.21,60.71,1459097.3580478923,37168676.63178603,18669.355289421157,3.430540713539535
VGIT,VGIT.json,501,501,501,0,False,,2024-08-14,2026-08-13,59.97,58.53,-2.4012006003001463,57.4,60.82,3024646.855222094,179507938.766077,7217.0898203592815,0.2522433595995783
VGLT,VGLT.json,501,501,501,0,False,,2024-08-14,2026-08-13,61.11,53.05,-13.18933071510392,52.565,63.41,2461889.755526186,139100367.91859615,11454.30738522954,0.6609155754716541
VGSH,VGSH.json,501,501,501,0,False,,2024-08-14,2026-08-13,58.64,58.14,-0.8526603001364208,57.95,59.13,3084121.259170451,180510307.57153255,6911.578842315369,0.11563138798761083
VICI,VICI.json,501,501,501,0,False,,2024-08-14,2026-08-13,31.41,26.34,-16.14135625596944,25.815,34.29,7964328.069622036,238776564.78747913,49887.4630738523,1.1735083467811736
VIG,VIG.json,501,501,501,0,False,,2024-08-14,2026-08-13,187.36,246.61,31.623612297181893,169.32,247.45,1132421.3862887844,240123568.9369874,18683.6626746507,0.8348869326103424
VIRT,VIRT.json,501,501,501,0,False,,2024-08-14,2026-08-13,29.39,57.2,94.62402177611433,28.77,68.02,1071097.6262551558,43773185.11840399,16569.151696606787,2.04291694205266
VLO,VLO.json,501,501,501,0,False,,2024-08-14,2026-08-13,148.27,342.92,131.28077156538745,99.0,343.73,3110681.7417558385,538633544.2361275,53331.17165668662,2.3447555223797356
VLTO,VLTO.json,501,501,501,0,False,,2024-08-14,2026-08-13,108.07,97.54,-9.743684648838702,80.03,115.0,1619985.3192951398,158458123.23894247,24484.932135728544,1.3748270921255168
VLUE,VLUE.json,501,501,501,0,False,,2024-08-14,2026-08-13,102.27,202.88,98.37684560477169,91.8,206.57,722714.0333256389,104813199.50013855,7181.293413173653,1.229668692773112
VLY,VLY.json,501,501,501,0,False,,2024-08-14,2026-08-13,8.14,15.02,84.52088452088451,7.48,15.2,8066633.596633468,86216104.23338218,31733.644710578843,2.0020049963747866
VMC,VMC.json,501,501,501,0,False,,2024-08-14,2026-08-13,245.09,277.52,13.23187400546737,215.08,331.09,1030590.9176329301,282394082.24779725,25540.576846307384,1.6891266280312363
VNM,VNM.json,501,501,501,0,False,,2024-08-14,2026-08-13,11.835,17.52,48.03548795944232,10.1,19.85,731199.0889606067,11495112.206708971,4078.5668662674652,1.7031133554634794
VNQ,VNQ.json,501,501,501,0,False,,2024-08-14,2026-08-13,91.37,98.58,7.89099266717741,76.92,101.8,3579898.138387587,329351604.10322684,43207.03992015968,1.0144366257956345
VONE,VONE.json,501,501,501,0,False,,2024-08-14,2026-08-13,246.09,352.36,43.18338819131213,218.75,353.11,91989.36370672256,26411082.016471192,1087.4171656686626,1.019131952952589
VONG,VONG.json,501,501,501,0,False,,2024-08-14,2026-08-13,91.57,129.37,41.27989516217103,79.395,132.94,1513898.9580164792,170820548.3117921,17810.013972055887,1.321570360234762
VONV,VONV.json,501,501,501,0,False,,2024-08-14,2026-08-13,78.49,113.42,44.50248439291631,71.684,113.73,870421.2992074093,79576178.08881167,3495.9600798403194,0.8707636058256483
VOO,VOO.json,501,501,501,0,False,,2024-08-14,2026-08-13,498.92,714.95,43.299526978273086,442.8,716.39,7689925.360207986,4549956560.380469,252536.71057884232,1.0155574380223857
VRNS,VRNS.json,501,501,501,0,False,,2024-08-14,2026-08-13,55.11,45.82,-16.857194701506074,19.7,63.9,1970923.6538660896,78474349.4324976,26522.24750499002,3.446909563376504
VRSK,VRSK.json,501,501,501,0,False,,2024-08-14,2026-08-13,265.28,185.94,-29.908021712907107,155.94,322.92,1318726.3551387824,299694131.0924091,30190.22754491018,1.7842306248012925
VRSN,VRSN.json,501,501,501,0,False,,2024-08-14,2026-08-13,173.98,287.15,65.04770663294633,172.49,312.48,811439.7037992097,201033129.1006402,22383.750499001995,1.6753826806154812
VRT,VRT.json,501,501,501,0,False,,2024-08-14,2026-08-13,77.54,287.07,270.22182099561513,53.6,379.935,7598127.67826491,1216953624.526227,118846.67864271457,4.220644539464165
VRTX,VRTX.json,501,501,501,0,False,,2024-08-14,2026-08-13,464.55,516.44,11.16994941341083,362.5,546.17,1483459.3717537185,668268022.0782143,38437.295409181635,2.0341661207604886
VSEC,VSEC.json,501,501,501,0,False,,2024-08-14,2026-08-13,85.24,230.9,170.8822149225716,80.6005,247.85,337751.9231402076,56064595.00351205,9261.890219560879,3.331513378458035
VST,VST.json,501,501,501,0,False,,2024-08-14,2026-08-13,80.27,146.4,82.38445247290396,72.9,219.82,5849434.51432805,891655745.8293737,94925.06786427146,3.8463703179568167
VT,VT.json,501,501,501,0,False,,2024-08-14,2026-08-13,112.87,162.39,43.87348276778593,100.89,162.68,2893173.552708068,394771465.0183673,38669.16367265469,0.9873677666950171
VTI,VTI.json,501,501,501,0,False,,2024-08-14,2026-08-13,267.65,384.3,43.58303754903794,236.42,385.1199,3924033.127703449,1244430334.9383144,103280.96407185629,1.0558739158169481
VTOL,VTOL.json,501,501,501,0,False,,2024-08-14,2026-08-13,37.04,46.48,25.485961123110144,25.11,50.38,175123.79467400798,6769794.691044715,4195.439121756487,2.2658082178421615
VTR,VTR.json,501,501,501,0,False,,2024-08-14,2026-08-13,59.22,90.29,52.465383316447166,56.68,101.6,3146520.6595999,231487410.09339675,35729.656686626746,1.4037427149425237
VTRS,VTRS.json,501,501,501,0,False,,2024-08-14,2026-08-13,11.48,16.04,39.72125435540068,6.85,18.39,10523623.40633932,123835261.60638385,45753.612774451096,2.175599777074543
VTV,VTV.json,501,501,501,0,False,,2024-08-14,2026-08-13,164.48,227.05,38.041099221789906,150.43,227.535,3008260.1209271452,566241657.4470485,37035.1377245509,0.8292561792431535
VUG,VUG.json,501,501,501,0,False,,2024-08-14,2026-08-13,60.855,89.73,47.44885383288144,52.6907,90.6,7754577.137680216,572198789.0582842,38083.55688622755,1.3303602591816528
VWO,VWO.json,501,501,501,0,False,,2024-08-14,2026-08-13,43.98,60.34,37.19872669395181,39.53,61.515,9305270.610837491,477636148.4161385,39154.293413173655,1.1248372249249767
VXF,VXF.json,501,501,501,0,False,,2024-08-14,2026-08-13,170.86,250.02,46.33032892426547,146.68,250.635,463151.85899027745,93414688.26299804,5876.796407185629,1.321922911131695
VXUS,VXUS.json,501,501,501,0,False,,2024-08-14,2026-08-13,60.8,87.72,44.276315789473685,54.98,88.62,5308701.980571697,389912021.0184542,45023.87225548902,1.0530759558304812
VZ,VZ.json,501,501,501,0,False,,2024-08-14,2026-08-13,40.6,48.22,18.768472906403932,10.5999,51.68,23605823.704235964,1027456184.3270881,136999.20758483035,1.4922174008193851
WAB,WAB.json,501,501,501,0,False,,2024-08-14,2026-08-13,156.25,297.98,90.70720000000001,151.81,306.6399,998224.9901975389,211870436.9455715,20799.45109780439,1.7074011301226937
WAL,WAL.json,501,501,501,0,False,,2024-08-14,2026-08-13,74.77,81.74,9.321920556372888,57.05,98.095,1185011.2903941595,96410962.31603499,20016.119760479043,2.5657101873744965
WAT,WAT.json,501,501,501,0,False,,2024-08-14,2026-08-13,339.63,413.51,21.75308423873039,275.05,423.56,708594.3475205807,244201520.52274558,20086.730538922155,2.4021084466467526
WBD,WBD.json,501,501,501,0,False,,2024-08-14,2026-08-13,7.01,27.75,295.8630527817404,6.78,30.0,37685843.42202542,612587286.5323472,95885.0119760479,3.186745662096837
WCC,WCC.json,501,501,501,0,False,,2024-08-14,2026-08-13,156.88,359.41,129.09867414584397,125.205,385.3699,660114.5543511178,150312652.33702907,16246.299401197604,2.7302992468469025
WCN,WCN.json,501,501,501,0,False,,2024-08-14,2026-08-13,180.38,165.53,-8.232620024392945,146.89,201.66,1233459.5837383654,215603237.22888777,21514.28143712575,1.2975828730517234
WDAY,WDAY.json,501,501,501,0,False,,2024-08-14,2026-08-13,216.29,206.45,-4.549447501040271,110.36,294.0,3447144.9819408366,679475529.0933038,56746.566866267465,2.852722419327473
WDFC,WDFC.json,501,501,501,0,False,,2024-08-14,2026-08-13,245.28,230.1,-6.18884540117417,175.38,298.899,141152.72699039322,32121624.10600506,6309.4011976047905,1.7352283600995781
WEAT,WEAT.json,501,501,501,0,False,,2024-08-14,2026-08-13,24.7,24.32,-1.538461538461533,19.78,27.606,313148.96064462874,7265550.212492155,2213.8323353293413,1.373226259123801
WEC,WEC.json,501,501,501,0,False,,2024-08-14,2026-08-13,88.33,110.28,24.849994339409044,88.135,119.91,2125961.585914577,227221202.0988457,33076.67864271457,1.033624476740584
WELL,WELL.json,501,501,501,0,False,,2024-08-14,2026-08-13,117.07,234.44,100.25625694029215,115.18,255.2,3073353.741770375,529835961.8225877,39599.69261477046,1.4121047323500096
WERN,WERN.json,501,501,501,0,False,,2024-08-14,2026-08-13,36.96,38.49,4.139610389610393,23.02,47.49,963197.6028696846,31537182.318706907,15928.057884231537,2.3494577757400825
WEX,WEX.json,501,501,501,0,False,,2024-08-14,2026-08-13,177.75,199.01,11.960618846694793,110.45,217.47,542344.1285705869,86011610.4053399,12668.552894211576,2.690164122066942
WFC,WFC.json,501,501,501,0,False,,2024-08-14,2026-08-13,53.03,88.11,66.15123514991514,50.22,97.76,16560008.683124008,1272159725.1265414,142429.49301397207,1.8745892337565497
WHR,WHR.json,501,501,501,0,False,,2024-08-14,2026-08-13,96.37,42.85,-55.53595517277161,35.4483,135.49,1619940.7119607285,116825966.0460192,26185.624750499002,2.9283955075906984
WINA,WINA.json,501,501,501,0,False,,2024-08-14,2026-08-13,366.0,349.6,-4.480874316939887,295.785,527.37,66914.18774396807,27831467.562105175,5267.630738522954,2.2012102228455177
WING,WING.json,501,501,501,0,False,,2024-08-14,2026-08-13,376.31,113.9,-69.73240147750525,110.44,433.86,870784.4273636647,210357961.87581903,23669.253493013974,3.6785475338181697
WIT,WIT.json,501,501,501,0,False,,2024-08-14,2026-08-13,2.92,1.96,-32.87671232876712,1.75,3.79,7761097.343847206,20429906.088520132,14769.269461077844,2.3114106148388327
WIX,WIX.json,501,501,501,0,False,,2024-08-14,2026-08-13,159.76,80.06,-49.88733099649474,40.16,247.11,1391126.9555449262,159585205.23377842,23332.530938123753,3.8705629991764967
WK,WK.json,501,501,501,0,False,,2024-08-14,2026-08-13,77.0,73.75,-4.2207792207792245,43.34,116.83,733372.0937166287,53399084.34062129,13723.756487025948,3.035101292010374
WM,WM.json,501,501,501,0,False,,2024-08-14,2026-08-13,203.35,224.21,10.258175559380378,194.11,248.13,1827755.05133797,406666479.0697488,38912.71457085828,1.2137047480825824
WMB,WMB.json,501,501,501,0,False,,2024-08-14,2026-08-13,43.12,73.04,69.38775510204084,42.82,80.075,7000545.778917832,430594032.3235475,71977.1756487026,1.577571506884988
WMS,WMS.json,501,501,501,0,False,,2024-08-14,2026-08-13,147.24,149.23,1.3515349089921136,93.915,179.315,719041.1356531857,97920778.72987802,15641.54890219561,2.4982406357125924
WMT,WMT.json,501,501,501,0,False,,2024-08-14,2026-08-13,67.92,115.72,70.37691401648998,67.85,135.155,20238342.35972833,2118372115.8069232,204929.2774451098,1.5373992100955391
WPM,WPM.json,501,501,501,0,False,,2024-08-14,2026-08-13,58.01,131.86,127.30563695914499,55.466,165.76,1972021.2835236348,198081460.69662356,29250.181636726546,2.603446041734582
WRB,WRB.json,501,501,501,0,False,,2024-08-14,2026-08-13,56.79,70.47,24.088748019017437,55.8,78.96,2090276.793363016,141594640.39081472,29785.934131736525,1.405937657519295
WSM,WSM.json,501,501,501,0,False,,2024-08-14,2026-08-13,143.54,242.44,68.90065486972274,125.33,254.89,1557704.056980022,275884418.4289051,29954.421157684632,2.7554779390698396
WST,WST.json,501,501,501,0,False,,2024-08-14,2026-08-13,295.02,346.16,17.334418005558973,187.43,386.0,769530.7957845388,206900144.5403682,20488.077844311378,2.985701695136213
WTFC,WTFC.json,501,501,501,0,False,,2024-08-14,2026-08-13,97.8,162.45,66.10429447852759,89.1,167.215,458864.2048703872,61229787.16746583,11168.892215568862,1.9050325273397906
WTRG,WTRG.json,501,501,501,0,False,,2024-08-14,2026-08-13,39.31,40.46,2.92546425845841,33.18,42.37,1874330.8007151098,72468351.80157955,22830.530938123753,1.3689228127451327
WTW,WTW.json,501,501,501,0,False,,2024-08-14,2026-08-13,275.48,333.99,21.23929141861478,240.6146,352.785,660731.8350992055,202656410.475125,18878.22355289421,1.6088664910297097
WY,WY.json,501,501,501,0,False,,2024-08-14,2026-08-13,30.39,24.82,-18.328397499177363,21.155,34.025,4843348.4517157115,126599376.10667136,36623.157684630736,1.6969169898690997
WYNN,WYNN.json,501,501,501,0,False,,2024-08-14,2026-08-13,74.26,102.37,37.853487745758144,65.25,134.72,2074575.0926900797,203356563.89881843,35198.63872255489,2.3909539695564916
XBI,XBI.json,501,501,501,0,False,,2024-08-14,2026-08-13,97.2,156.86,61.37860082304527,66.66,165.71,9529825.867313633,1008005156.636233,96612.6367265469,1.716085424931736
XEL,XEL.json,501,501,501,0,False,,2024-08-14,2026-08-13,59.31,78.98,33.164727701905235,58.395,84.23,4364950.7994682705,322624419.50472003,53053.2874251497,1.2405837361909247
XENE,XENE.json,501,501,501,0,False,,2024-08-14,2026-08-13,38.8,64.23,65.54123711340208,26.74,72.66,890021.5508566587,39870451.02391118,12879.522954091817,3.302333000568013
XHB,XHB.json,501,501,501,0,False,,2024-08-14,2026-08-13,110.08,109.53,-0.49963662790697416,84.48,126.09,2270978.5182368285,243856929.87561426,28989.099800399203,1.7757413858149602
XLC,XLC.json,501,501,501,0,False,,2024-08-14,2026-08-13,85.48,112.55,31.668226485727647,82.65,120.405,5505375.803453065,590380132.0983177,58744.91616766467,1.0796642835844383
XLE,XLE.json,501,501,501,0,False,,2024-08-14,2026-08-13,44.575,61.06,36.9826135726304,37.245,63.46,35930284.85347017,1741702721.7446103,141074.08383233534,1.4784727188860347
XLF,XLF.json,501,501,501,0,False,,2024-08-14,2026-08-13,42.63,58.26,36.664320900774094,42.21,58.405,41817226.09349956,2127570092.9341507,105132.4371257485,1.0988651091048518
XLI,XLI.json,501,501,501,0,False,,2024-08-14,2026-08-13,124.91,185.79,48.73909214634538,112.75,188.19,9734785.98474578,1474985979.854122,117970.29940119761,1.1407499572606843
XLK,XLK.json,501,501,501,0,False,,2024-08-14,2026-08-13,107.5,190.77,77.46046511627908,86.225,198.73,13070243.338459872,1772435433.404964,158480.26147704592,1.7056059524646165
XLP,XLP.json,501,501,501,0,False,,2024-08-14,2026-08-13,79.05,86.0,8.791903858317518,75.16,90.14,13708669.969617255,1120285763.8246663,75774.58682634731,0.8691081917957474
XLRE,XLRE.json,501,501,501,0,False,,2024-08-14,2026-08-13,41.92,45.12,7.6335877862595325,35.76,46.455,6348123.655088318,267496681.687359,27764.766467065867,1.0059045919769214
XLU,XLU.json,501,501,501,0,False,,2024-08-14,2026-08-13,37.0,44.04,19.02702702702703,35.51,47.8,22160374.674748868,934088238.871896,81753.5489021956,1.002113578664752
XLV,XLV.json,501,501,501,0,False,,2024-08-14,2026-08-13,151.03,168.38,11.48778388399656,127.35,169.71,10822246.83598585,1581306289.35197,116968.42115768463,1.0046888381773038
XLY,XLY.json,501,501,501,0,False,,2024-08-14,2026-08-13,88.99,118.45,33.10484324081357,86.5501,125.01,9000603.52310484,1005960758.2509958,84259.26746506986,1.4028211411317733
XNCR,XNCR.json,501,501,501,0,False,,2024-08-14,2026-08-13,16.1,22.99,42.79503105590059,6.92,27.24,811532.0237441058,11435538.763289493,10910.48502994012,4.164989818830507
XOM,XOM.json,501,501,501,0,False,,2024-08-14,2026-08-13,118.1,158.61,34.30143945808639,97.8,176.41,16784123.82344268,2099965948.128594,173406.03193612775,1.5651233721811832
XOP,XOP.json,501,501,501,0,False,,2024-08-14,2026-08-13,137.21,179.17,30.580861453246833,99.01,190.36,3514243.4486208106,495898429.42448163,49023.22754491018,1.9475878867825362
XPEL,XPEL.json,501,501,501,0,False,,2024-08-14,2026-08-13,45.21,50.27,11.19221411192215,24.25,55.91,224366.59277035532,9115238.329215562,5646.477045908184,2.828117115442939
XPEV,XPEV.json,501,501,501,0,False,,2024-08-14,2026-08-13,6.94,11.78,69.74063400576367,6.65,28.235,9790415.767575791,166991193.5121484,57165.68063872255,4.082557941879621
XPO,XPO.json,501,501,501,0,False,,2024-08-14,2026-08-13,115.23,211.07,83.17278486505248,85.06,232.05,1498858.2257587025,221649153.403423,25220.692614770458,2.9324573358100037
XRAY,XRAY.json,501,501,501,0,False,,2024-08-14,2026-08-13,24.67,11.58,-53.06039724361573,9.405,27.48,3710909.1669629263,53583466.59145145,30760.15768463074,3.0096056009740435
XRT,XRT.json,501,501,501,0,False,,2024-08-14,2026-08-13,74.3,89.29,20.1749663526245,61.33,93.52,5340603.761349204,427910690.49995965,41272.14570858284,1.4348420083143445
XYL,XYL.json,501,501,501,0,False,,2024-08-14,2026-08-13,131.72,120.32,-8.654722137868209,100.4746,154.27,1553004.4976733893,196818595.2346286,26497.031936127743,1.5804409921758764
XYLD,XYLD.json,501,501,501,0,False,,2024-08-14,2026-08-13,40.45,41.6,2.8430160692212603,34.5304,43.43,768398.1767978504,30774399.79269517,3748.920159680639,0.756359403943546
YUM,YUM.json,501,501,501,0,False,,2024-08-14,2026-08-13,137.5,150.85,9.70909090909091,122.13,170.14,2035739.9059292555,300300087.2598214,33852.00399201597,1.445246738102696
YUMC,YUMC.json,501,501,501,0,False,,2024-08-14,2026-08-13,33.9,47.24,39.35103244837759,32.85,58.39,2181456.6034738705,100179413.28056152,25223.68662674651,2.116544345271524
ZBH,ZBH.json,501,501,501,0,False,,2024-08-14,2026-08-13,109.58,99.57,-9.134878627486776,79.12,116.71,1983455.1104050057,192035412.271244,30443.171656686627,1.8694888141716022
ZBRA,ZBRA.json,501,501,501,0,False,,2024-08-14,2026-08-13,332.23,379.63,14.267224513138487,199.05,427.755,633147.5878276367,179417419.0782861,19621.057884231537,2.8889081241523424
ZETA,ZETA.json,501,501,501,0,False,,2024-08-14,2026-08-13,24.03,29.62,23.26258843112776,10.69,38.2,7552144.012376727,146470599.06934452,64564.12375249501,4.877240704609306
ZIM,ZIM.json,501,501,501,0,False,,2024-08-14,2026-08-13,19.56,26.82,37.11656441717792,11.035,30.15,4764475.740587387,92231414.09368704,33874.55688622755,3.955686587596103
ZION,ZION.json,501,501,501,0,False,,2024-08-14,2026-08-13,46.01,71.61,55.64007824386004,39.32,73.34,1618617.838458529,89838133.55183345,27594.213572854293,2.1405107277429267
ZM,ZM.json,501,501,501,0,False,,2024-08-14,2026-08-13,56.41,109.84,94.7172487147669,56.12,114.74,3357116.4145935527,278368782.90432173,51130.55489021956,2.44600972868846
ZROZ,ZROZ.json,501,501,501,0,False,,2024-08-14,2026-08-13,81.85,58.67,-28.320097739767856,57.7567,87.3599,480400.86963346106,32474772.038248178,2795.6626746506986,1.2074205587363482
ZS,ZS.json,501,501,501,0,False,,2024-08-14,2026-08-13,179.45,188.18,4.864864864864882,114.625,336.99,2408210.9267582535,475667608.3621002,51714.249500998005,3.357682939943861
ZTO,ZTO.json,501,501,501,0,False,,2024-08-14,2026-08-13,19.69,22.92,16.404266124936505,16.34,27.5,2248102.313228531,47088571.51067568,19001.38123752495,1.9675635014167308
ZTS,ZTS.json,501,501,501,0,False,,2024-08-14,2026-08-13,188.05,75.84,-59.67030045200745,71.45,200.33,3940199.962474729,501076822.4710101,52070.74051896208,1.9993712788179359
ZWS,ZWS.json,501,501,501,0,False,,2024-08-14,2026-08-13,30.63,50.73,65.62193927522037,27.74,54.999,1051189.1642198025,43751547.65442369,15152.023952095808,1.8369730700578686
ZYME,ZYME.json,501,501,501,0,False,,2024-08-14,2026-08-13,10.28,25.76,150.5836575875487,9.03,29.75,661688.8575811017,12313118.970920993,9622.243512974052,3.254443672598817
